Row,Business Type,Business Name,Phone,Rating,Website,Email
3,Dental Clinic,Bovaird Dental Centre,+1 905-846-9929,4.9,http://www.bovairddental.ca/,bddentalmanager@gmail.com; bgdentalmanager@gmail.com
4,Dental Clinic,905 Dental Brampton,+1 289-801-7454,4.9,https://www.905dental.ca/?utm_source=GMB_Listing&utm_medium=organic&utm_campaign=Website_URL,smiles@905dental.ca
5,Dental Clinic,Dental Corner,+1 905-499-0909,4.7,https://www.mydentalcorner.ca/,
6,Dental Clinic,Heart Lake Dental Care,+1 905-495-7775,4.8,https://thedentalteam.ca/brampton/heart-lake-dental/?utm_source=gmb&utm_medium=organic&utm_campaign=brampton&utm_content=brampton-sandalwood180,info@mavisbristoldental.com
7,Dental Clinic,Toothland Dental Clinic,+1 905-456-7774,4.9,https://www.toothlanddental.ca/,20toothlandoffice@gmail.com; toothlandoffice@gmail.com
8,Dental Clinic,Brampton Family Dental,+1 905-456-1252,4.9,https://www.bramptonfamilydental.com/?utm_source=GMB_Listing&utm_medium=organic&utm_campaign=GMB,info@bramptonfamilydental.com
9,Dental Clinic,Dr. Sashpal Sandhu,+1 905-450-5600,4.9,https://drssandhu.com/,filler@godaddy.com
10,Dental Clinic,Rosedale Dental Care - Brampton,+1 905-459-7645,4.9,https://rosedaledentalcare.com/?utm_source=GoogleOrganic&utm_medium=GMBwebsite&utm_campaign=GMBWebsiteLink,20smile@rosedaledentalcare.com; info@campbellvilledentistry.ca; smile@rosedaledentalcare.com
11,Dental Clinic,Mount Pleasant Dentistry,+1 905-454-6662,4.9,http://www.mountpleasantdentalclinic.ca/,info@mountpleasantdentalclinic.ca
12,Dental Clinic,Dr. Sonia Sharma,+1 905-840-3456,4.9,http://www.drsoniasharma.com/,
13,Dental Clinic,Late Night Dental,+1 905-453-2440,3.8,http://www.latenightdental.com/,latenightdental@gmail.com
14,Dental Clinic,Mayfield Dental Clinic,+1 905-840-0225,4.8,https://mayfielddental.com/,info@mayfielddental.com
15,Dental Clinic,Fletcher's Meadow,+1 905-846-7645,4.8,http://www.fletchersmeadowdental.com/,fletchersmeadows@gmail.com
16,Dental Clinic,Smile House,+1 905-453-1661,4.9,https://smilehousedental.ca/,smilehousedentistry@gmail.com
17,Dental Clinic,Providence Dental Center,+1 905-456-8087,4.9,http://www.providencedentalcenter.ca/contact-us/,info@providencedentalcenter.ca; info@providencedentalcenter.ca
18,Dental Clinic,Sharing Smiles Dental,+1 416-500-7250,5,http://sharingsmilesdental.ca/,sharingsmiles32@gmail.com
19,Dental Clinic,Polaris Dental,+1 905-453-0990,4.4,http://polarisdental.ca/,info@polarisdental.ca
20,Dental Clinic,Ali Dentistry,+1 905-495-9985,4.9,https://www.alidentistry.com/?utm_source=google&utm_medium=organic&utm_campaign=gmb-listing,reception@alidentistry.com
21,Dental Clinic,Healthy Smile Dental Hygiene - Dentist Brampton,+1 289-752-1340,4.8,https://healthysmiledentalhygiene.ca/,youremail@address.com
22,Dental Clinic,Brampton North Dental,+1 905-840-1511,4.5,https://www.bramptonnorthdental.ca/,
23,Medical Center,OLDE TOWN MEDICAL CENTRE & PHARMACY,+1 905-453-7000,3.4,http://www.otbramptonclinic.com/,
24,Medical Center,Williams Parkway Medical Clinic-Walk In and Family Doctor Accepting New Patients,+1 905-452-0200,4.4,https://williamsparkwaymedical.com/,info@williamsparkwaymedical.com; royalwestrx@gmail.com; williamsparkwaymedical@gmail.com
26,Medical Center,Health+Plex Medical Centre,+1 905-454-7410,3.7,http://www.healthplex.ca/,
28,Medical Center,Cornerstone Medical Centre,+1 905-450-5780,2.3,http://cornerstonemedicalclinic.ca/,
30,Medical Center,Richvale Medical Centre,+1 905-497-7424,2.7,http://richvalemedical.ca/,
32,Medical Center,Chinguacousy and Sandalwood Medical Centre,+1 905-840-4343,3,http://royalwestmedical.ca/,info@royalwestmedical.ca
36,Medical Center,Royal West Medical Centre,+1 905-840-4343,2.6,http://royalwestmedical.ca/,info@royalwestmedical.ca
37,Medical Center,Heart Lake Health Centre,+1 905-846-9255,2.3,https://heartlakemed.com/,
39,Medical Center,Dr. Langer's Family Medicine and Walk-In Clinic,+1 905-796-9600,4.3,https://www.drlanger.ca/,
42,Medical Center,Brampton East Medical Centre,+1 905-794-2003,2,https://bramptoneastmedical.ca/,
43,Physiotherapy Clinic,Lifemark Physiotherapy Fisherman & Hurontario,+1 905-455-5870,4.9,https://www.lifemark.ca/Fisherman-and-Hurontario?utm_source=gmb&utm_medium=organic,brampton@lifemark.ca; brampton@lifemark.ca
44,Physiotherapy Clinic,Paramount Physiotherapy & Sports Injuries Clinic,+1 905-455-4488,4.8,https://paramount-physiotherapy.com/,paramountphysio@bellnet.ca
45,Physiotherapy Clinic,UCC Physio - Brampton,+1 905-672-2273,5,https://www.uccphysio.com/,
46,Physiotherapy Clinic,Brampton Ortho Neuro Physiocare,+1 905-454-4975,5,https://www.bramptononphysio.com/,
47,Physiotherapy Clinic,My Brampton Physio,+1 289-946-0898,5,https://mybramptonphysio.ca/?utm_source=google&utm_medium=medium&utm_campaign=campaign&utm_term=organic,mybramptonphysio@gmail.com; mybramptonphysio@gmail.com
48,Physiotherapy Clinic,PhysioRehab Center,+1 647-490-4541,5,http://www.physiorehabcenter.com/,info@physiorehabcenter.com; info@prgbrampton.ca
49,Physiotherapy Clinic,Care Plus Physiotherapy,+1 905-456-1800,4.6,http://www.careplusphysio.ca/,admin.fw@careplusphysio.ca; admin.jp@careplusphysio.ca; admin.pd@careplusphysio.ca; admin.ya@careplusphysio.ca; bg-discover-ease-in-movement@2x.jpg; bg-services@2x.jpg; bg-your-first-visit@2x.jpg; img-begin-your-journey@2x.jpg; img-care-for-every-stage@2x.jpg; img-hero-banner@2x.jpg; img-injured-on-the-job@2x.jpg
50,Physiotherapy Clinic,Action Physiotherapy,+1 905-457-7475,4.9,https://www.actionphysiotherapy.com/,info@actionphysiotherapy.com
51,Physiotherapy Clinic,Physiomed Brampton - Sandalwood,+1 905-450-9888,4.9,https://www.physiomed.ca/find-a-clinic/brampton-sandalwood/overview/,
52,Physiotherapy Clinic,Health Horizon Physiotherapy & Rehab Centre,+1 905-970-0001,4.8,http://www.healthhorizonphysio.com/,contact@healthhorizonphysio.com; healthhorizon.physio@gmail.com
53,Physiotherapy Clinic,Mediways Physiotherapy,+1 289-536-1657,5,https://mediwaysphysiotherapy.com/,info@mediwaysphysiotherapy.com
54,Physiotherapy Clinic,Athlete's Care Sports Medicine Centres - Brampton,+1 905-495-4409,4.7,https://www.athletescare.com/sports-medicine-clinics/brampton-brampton~14.html,info@athletescare.com
55,Physiotherapy Clinic,Kings Cross Physiotherapy & Sports Injury Clinic,+1 905-796-2000,4.9,http://kcphysio.com/,paulgarvey@kingscrossphysio.com
56,Physiotherapy Clinic,Intelligent Health Group,+1 647-499-1444 ext. 1,4.9,http://www.intelligenthealthgroup.ca/,info@intelligenthealthgroup.ca
57,Physiotherapy Clinic,Springbrook Health and Wellness,+1 905-450-1300,4.7,http://www.springbrookhealth.com/,info@springbrookhealth.ca
58,Physiotherapy Clinic,Elite Sports Rehab,+1 905-459-0100,5,https://www.elitesportsrehab.ca/,elitephysiogroup@gmail.com; elitephysiogroup@gmail.com
59,Physiotherapy Clinic,Westbram Physio Brampton,+1 905-450-2639,4.8,https://www.westbramphysio.com/,
60,Physiotherapy Clinic,PT Care Rehab,+1 905-454-5999,5,http://ptcarerehab.com/,605a7baede844d278b89dc95ae0a9123@sentry-next.wixpress.com; 79baaa8e09c746d2b7401643b99792e0@sentry.wixpress.com; 88170cb0c9d64f94b5821ca7fd2d55a4@sentry-next.wixpress.com; 8eb368c655b84e029ed79ad7a5c1718e@sentry.wixpress.com; info@ptcarerehab.com
61,Physiotherapy Clinic,Total Wellness Rehab,+1 905-867-1640,4.9,https://www.totalwellnessrehab.com/,info@totalwellnessrehab.com
62,Physiotherapy Clinic,Movement Rehab Inc,+1 905-800-1604,5,https://movementrehabinc.com/?utm_source=google&utm_medium=gmb&utm_campaign=local,movementrehabinc@gmail.com
63,Veterinary Clinic,Animal Care Clinic,+1 905-451-2800,4.7,http://www.animalcareclinic.ca/,
64,Veterinary Clinic,North Town Veterinary Hospital,+1 905-451-2000,3.7,https://www.northtownvethospital.com/?utm_source=organic+search&utm_medium=gbp,info@northtownvethospital.com
65,Veterinary Clinic,Snelgrove Veterinary Services,+1 905-846-3316,4.7,http://www.snelgrovevet.com/,
66,Veterinary Clinic,Kennedy Road Veterinary Hospital,+1 905-846-2332,4.8,http://www.krvh.ca/,kennedyrdvetclinic@gmail.com
67,Veterinary Clinic,Heart Lake Veterinary Hospital,+1 905-840-9961,4.7,https://heartlakevet.com/,heartlakevet@gmail.com
68,Veterinary Clinic,Brampton Veterinary Hospital,+1 905-451-7741,4.2,http://www.bramptonvethospital.com/,info@bramptonvethospital.com; info@bramptonvethospital.com
69,Veterinary Clinic,Embleton Veterinary Hospital,+1 647-333-8387,4.6,https://www.embletonvet.com/,hello@embletonvet.com
70,Veterinary Clinic,Brisdale Animal Hospital,+1 905-495-7750,4.4,http://www.brisdaleanimalhospital.com/,support@evetsites.com
71,Veterinary Clinic,Dixie Road Pet Clinic,+1 905-792-3456,4.4,http://www.dixieroadpet.com/,
72,Veterinary Clinic,Brampton Georgetown Animal Hospital,+1 905-451-8387,4.6,http://www.bramptongeorgetownah.com/,PeelPetVet@gmail.com; PeelPetVet@gmail.com
73,Veterinary Clinic,McQueen Animal Hospital,+1 905-455-7387,4.7,http://www.mcqueenanimalhospital.com/,info@mcqueenanimalhospital.com
74,Veterinary Clinic,North Park Veterinary Hospital,+1 905-799-9888,4,https://www.bramptonveterinarian.com/,20northparkvethospital@gmail.com; northparkvethospital@gmail.com
75,Veterinary Clinic,"Emergency Veterinary Clinic, Hwy 10",+1 905-495-9907,3.7,http://www.emergencyvetbrampton.ca/,
76,Veterinary Clinic,Lakeridge Animal Hospital,+1 905-450-8614,4,https://lakeridgevet.com/,bramptonvet@outlook.com
77,Veterinary Clinic,Peak Veterinary House Call Svc,+1 905-872-9080,4.5,http://www.bramptonmobilevet.com/,brarhs@gmail.com; brarhs@gmail.com
78,Veterinary Clinic,The Dog Hospital,+1 905-495-4641,4.4,http://www.doghospitalofbrampton.com/,staff@doghospitalofbrampton.com
79,Veterinary Clinic,Beachsurf Veterinary Mobile Service,+1 416-953-4781,5,https://beachsurfmobilevet.ca/,mobilevetbrar@gmail.com
80,Veterinary Clinic,Brookfield Veterinary Hospital,+1 905-454-0765,4,https://www.brookfieldvet.ca/,
81,Veterinary Clinic,Gardenbrooke Veterinary Hospital,+1 905-794-2233,4.4,https://gbvets.com/,gardenbrookevh@gmail.com
82,Veterinary Clinic,Mayfield Animal Hospital,+1 905-913-6444,5,https://mayfieldanimalhospital.ca/,info@mayfieldanimalhospital.ca
83,Law Firm,David Acri Law Office,+1 905-457-2274,4.6,https://www.acrilaw.com/,david@acrilaw.com; david@acrilaw.com
85,Law Firm,Acumen Law Office,+1 289-999-9992,5,https://acumenlawoffice.ca/,
86,Law Firm,Naz Law | Civil Litigation | Commercial Litigation| Immigration,+1 905-459-6529,4.7,http://www.nazlaw.ca/,info@nazlaw.ca
87,Law Firm,Prouse Dash Crouch LLP,+1 905-451-6610,4.6,http://www.pdclawyers.ca/,pdc@pdclawyers.ca
88,Law Firm,Law Office - TJS Law Professional Corporation,+1 647-892-4339,5,http://www.tjslaw.ca/,
89,Law Firm,Rutman & Rutman Professional Corporation,+1 905-456-9969,4.3,http://www.rutmanlaw.com/,
90,Law Firm,Sharma Law Office,+1 905-454-5800,4.4,http://www.sharmalaw.ca/,info@sharmalaw.ca
91,Law Firm,Wisdom Law Office,+1 647-824-0796,5,https://wisdomlawoffice.ca/,
92,Law Firm,S&S Law Professional Corporation,+1 647-448-4629,5,https://sslaws.ca/,sukhminder@sslaws.ca
93,Law Firm,Longfield Law Professional Corporation,+1 905-452-8622,4.7,http://www.longfieldlaw.com/,
94,Law Firm,Khehra Law Firm,+1 905-230-6222,4.7,http://www.khehralaw.com/,605a7baede844d278b89dc95ae0a9123@sentry-next.wixpress.com; 78f7996315bc402f9dcb8a2f974b82d1@sentry.wixpress.com; 8c4075d5481d476e945486754f783364@sentry.io; 8eb368c655b84e029ed79ad7a5c1718e@sentry.wixpress.com; 9a65e97ebe8141fca0c4fd686f70996b@sentry.wixpress.com; c183baa23371454f99f417f6616b724d@sentry.wixpress.com; cd64ba1f47df485bba2b0076c0dd3b25@sentry.wixpress.com; dd0a55ccb8124b9c9d938e3acf41f8aa@sentry.wixpress.com; info@khehralaw.com; info@khehralawfirm.com; khehralaw@gmail.com
95,Law Firm,Patel Law Firm,+1 647-774-1142,4.9,https://www.patellawfirm.ca/,mikesh@patellawfirm.ca
96,Law Firm,EverTrust Law Professional Corporation,+1 905-215-2900,5,https://www.evertrustlaw.ca/,info@evertrustlaw.ca
97,Law Firm,MEHTA & BANSAL LAWYERS,+1 905-497-2396,4.7,http://www.mblawyer.ca/,info@mblawyer.ca
98,Law Firm,"DevLaws - Barrister, Solicitor & Notary Public | Ontario Law Firm",+1 437-290-0424,4.7,https://devlaws.com/,18d2f96d279149989b95faf0a4b41882@sentry-next.wixpress.com; 2062d0a4929b45348643784b5cb39c36@sentry.wixpress.com; 5d1795a2db124a268f1e1bd88f503500@sentry.wixpress.com; 605a7baede844d278b89dc95ae0a9123@sentry-next.wixpress.com; 79baaa8e09c746d2b7401643b99792e0@sentry.wixpress.com; 8eb368c655b84e029ed79ad7a5c1718e@sentry.wixpress.com; contact@devlaws.com; example@mysite.com
99,Law Firm,Dale Streiman Law,+1 905-455-7300,4.6,https://www.dalestreimanlaw.com/,carolyn@dalestreimanlaw.com; chodder@dalestreimanlaw.com; lily@dalestreimanlaw.com; nelia@dalestreimanlaw.com; shuvasri@dalestreimanlaw.com; tamara@dalestreimanlaw.com
101,Law Firm,Bhinder law office,+1 905-453-0606,4.8,http://www.bhinderlaw.com/,info@bhinderlaw.com
102,Law Firm,Gupta Law Firm,+1 416-999-6665,5,http://guptalaw.ca/,info@guptalaw.ca
103,Accounting Office,SD CPA PROFESSIONAL CORPORATION,+1 647-865-9652,4.9,https://www.cpasd.ca/,456-7890hi@mygroovydomain.com
104,Accounting Office,CPA Brampton,+1 905-840-3000,4.5,https://www.cpabrampton.com/,harkiratcpa@gmail.com
105,Accounting Office,Orient Accounting Inc. - your CPA team,+1 647-832-3340,5,https://orientaccounting.ca/,info@orientaccounting.ca
106,Accounting Office,"Zera Accounting and Tax, CPA",+1 437-776-5464,4.9,https://zeracpa.com/,contact@zeracpa.com; contact@zeracpa.com
107,Accounting Office,Reshma Sharma CPA: Tax & Accounting Firm Brampton,+1 647-969-4178,4.6,https://rscpafirm.com/?utm_source=Maps&utm_campaign=GMB,info@rscpa.com; info@rscpafirm.com; support@rscpa.com
108,Accounting Office,Accounttips Professional Corporation,+1 647-330-7640,5,http://www.accounttips.com/,2062d0a4929b45348643784b5cb39c36@sentry.wixpress.com; 605a7baede844d278b89dc95ae0a9123@sentry-next.wixpress.com; shriraj@accounttips.com
109,Accounting Office,Crown Accounting Services Inc,+1 905-457-1600,4.2,http://crownaccounting.ca/,
110,Accounting Office,Global Accounting Services Inc.,+1 905-451-8081,4.9,http://globalaccounting.ca/,info@globalaccounting.ca
111,Accounting Office,Focus Tax and Accounting Services,+1 647-707-6109,5,https://focustaxservices.ca/,focustaxservices@gmail.com
112,Accounting Office,PSB & Associate Accounting & Tax Services,+1 647-984-6708,4.6,https://www.psbassociateaccountingtaxservices.ca/,nellpurnell@gmail.com; pblake@psbassociateaccountingtaxservices.ca
113,Accounting Office,ISG CPA Professional Corporation,+1 647-953-5615,5,https://isgcpa.ca/,hello@isgconsulting.ca; hello@isgconsulting.ca
114,Accounting Office,NAV Accounting & Taxes Inc.,+1 905-997-7780,4.8,http://www.navcpa.ca/,info@navcpa.ca; navinc.ca@gmail.com
115,Accounting Office,Advice Accounting,+1 905-798-0512,1,https://www.adviceaccounting.ca/,info@adviceaccounting.ca
116,Accounting Office,GSA Accounting & Bookkeeping - Accounting Firm,+1 905-247-6790,4.8,https://gsaaccounting.ca/,
117,Accounting Office,Taxsol Canada Inc.,+1 647-746-5658,4.9,http://www.taxsolcanada.com/,
118,Accounting Office,Oriental Business Solutions Inc,+1 647-855-6177,4.8,http://orientalbusinesssolutions.ca/,info@orientalbiz.ca; info@orientalbiz.ca
119,Accounting Office,EP & Sons Limited,+1 905-457-7292,4.2,http://eptax.ca/,605a7baede844d278b89dc95ae0a9123@sentry-next.wixpress.com; 8c4075d5481d476e945486754f783364@sentry.io; 8eb368c655b84e029ed79ad7a5c1718e@sentry.wixpress.com; c183baa23371454f99f417f6616b724d@sentry.wixpress.com; dd0a55ccb8124b9c9d938e3acf41f8aa@sentry.wixpress.com; ep-sons@rogers.com; info@mysite.com
122,Accounting Office,Pace Accounting and Taxation Services Inc.,+1 416-464-7176,5,http://paceaccountax.com/,dave@lab6.com; hi@typemade.mx
123,Real Estate Agency,Alex Cygal RE/MAX,+1 416-471-7475,5,http://www.alexcygal.com/,alex@alexcygal.com; filler@godaddy.com
124,Real Estate Agency,"Executive Real Estate Services Ltd., Brokerage",+1 289-752-4088,4.9,http://www.theexecutiverealestate.com/,deals@teamexecutive.net; hp@gaind.ca
125,Real Estate Agency,"Gold Titanz Realty, Brokerage",+1 437-436-6671,,https://www.goldtitanzrealty.com/,info@goldtitanzrealty.com
126,Real Estate Agency,Sandeep Pawar - Re/max Gold | Top Realtor in Brampton | Best Realtor in GTA | Brampton Best Realtor,+1 647-569-9991,5,https://sandeeppawar.ca/,askpawarnow@gmail.com
127,Real Estate Agency,Navneet Singh Bhasin–Team Nav | Top & Best GTA & Brampton Realtor | Sell Homes Fast,+1 905-872-2682,4.9,http://www.teamnav.ca/,
128,Real Estate Agency,RE/MAX Gold - Garry Thind | Real Estate Agent,+1 416-702-5151,5,https://www.gtaviphomes.com/,gthindhomes@gmail.com
129,Real Estate Agency,Century 21- Property zone realty Inc. Top Real Estate Brokerage,+1 647-910-9999,4.4,https://joincentury21pz.ca/,propertyzonecanada@gmail.com; recruiting@century21pz.ca
130,Real Estate Agency,Homelife Miracle Realty Ltd.,+1 905-455-5100,4.5,https://www.homelifemiracle.com/,homekey123@gmail.com
131,Real Estate Agency,Raj Sharma Realtor - Trusted Real Estate Agent in Brampton,+1 647-688-5829,5,https://www.bramptonrealtor.com/,buysellwithraj@gmail.com
132,Real Estate Agency,Rashminder Chadha Real Estate Agent In Brampton | Mississauga Canada,+1 647-970-3508,5,http://www.rashminderchadha.ca/,
133,Real Estate Agency,Harpreet Rakhra RE/MAX | Top Rated Brampton Real Estate Agent | Top 2% Realtor in Canada,+1 416-550-3029,5,http://www.harpreetrakhra.com/,
134,Real Estate Agency,"Manprit Singh | Top RE/MAX Agent in BRAMPTON,GTA | Top Realtor in Brampton",+1 416-830-0111,5,https://lallsells.ca/,lallsells13@gmail.com; mpslall13@gmail.com; mpslall@yahoo.com
135,Real Estate Agency,"RD CHEEMA ,REAL ESTATE BROKER WITH - RE/MAX REALTY SERVICES INC.",+1 416-452-0007,4.9,https://www.rdhomesale.com/,
136,Real Estate Agency,JK Kalra - SoldByJK,+1 416-725-1007,4.6,http://www.soldbyjk.ca/,
137,Real Estate Agency,Re/max Realty Services Inc : Sunny Purewal : Top Realtor in Brampton: Best Realtor,+1 416-843-1313,4.9,https://www.sunnypurewalrealestate.com/,callsunnysavemoney@gmail.com; sunny@sunnypurewal.com
138,Real Estate Agency,Param Mann - Real Estate Broker,+1 416-561-6100,5,http://www.parammann.com/,
139,Real Estate Agency,RE/MAX REALTY SERVICES INC,+1 800-701-0494,4.1,http://www.4561000.com/,
140,Real Estate Agency,🏡Team Kahlon’s Real Estate Inc Brokerage Joravar & Rupinder,+1 647-765-0740,5,http://www.homesbykahlon.com/,realtorjora@gmail.com
141,Real Estate Agency,Zainab Raza Real Estate Corporation,+1 416-892-5912,4.9,https://www.razarealestate.ca/,
142,Real Estate Agency,Royal LePage Certified Realty,+1 905-452-7272,4.2,https://www.royallepage.ca/en/office/ontario/brampton/royal-lepage-vendex-realty/4414/,frontdeskcertified@royallepage.ca; frontdeskcertified@royallepage.ca
143,Insurance Agency,Navneet Saran - Insurance broker,+1 647-967-8013,4.9,https://navinsurance.ca/,navneet@navinsurance.ca
145,Insurance Agency,Sharan kaur insurance,+1 647-501-8013,4.9,https://www.thebig.ca/sharan,charlotte@thebig.ca; contact@thebig.ca
146,Insurance Agency,Insurance Bazaar,+1 905-598-2579,4.8,http://insurancebazaar.ca/,info@insurancebazaar.ca; info@insurancebazaar.ca
147,Insurance Agency,PUNJAB INSURANCE- VARINDER RANDHAWA,+1 416-738-6565,4.9,https://www.varinderrandhawa.com/,varinder@punjabinsurance.ca
148,Insurance Agency,Paul's Insurance,+1 647-408-4039,3.9,https://www.paulsinsurance.ca/,dptaneja@yahoo.com; info@paulsinsurance.ca
149,Insurance Agency,Mandeep Kaur - Aaxel insurance Brokers Ltd.,+1 647-925-5244,5,http://aaxel.ca/,
151,Insurance Agency,"INSUREPEDIA (Auto, Home, Commercial, Life, Super Visa Insurance & Investments)",+1 905-781-3344,5,http://insurepedia.ca/,sunny@insurepedia.ca
152,Insurance Agency,All-Risks Insurance Brokers Limited,+1 905-497-2164,3.9,https://allrisksbrampton.com/,crampersaud@all-risks.com; insure@all-risks.com; djairaj@all-risks.com; diksha@all-risks.com; crampersaud@all-risks.com; insure@all-risks.com; djairaj@all-risks.com; diksha@all-risks.com
153,Insurance Agency,Jimmy Jhandi Insurance Broker,+1 416-903-0234,4.9,http://www.tinyurl.com/jimmyjhandi,
154,Insurance Agency,INSURE WITH PRIANKA,+1 647-870-5984,5,https://www.insurewithprianka.com/,
155,Insurance Agency,Billyard Insurance Group - Brampton,+1 905-282-0001,4.5,https://www.thebig.ca/brampton/,charlotte@thebig.ca; contact@thebig.ca
156,Insurance Agency,Fivestar Insurance Brokers Ltd.,+1 905-459-0555,4.3,http://www.fivestarinsurance.ca/,audit@fivestarinsurance.ca; u003eaudit@fivestarinsurance.ca
158,Insurance Agency,BrokerLink,+1 905-451-1236,4.7,https://www.brokerlink.ca/locations/ontario/brampton/queen-street-east,onservice@brokerlink.ca; onservice@brokerlink.ca
159,Insurance Agency,AMIT SHAH INSURANCE PVT LTD,+1 647-400-7576,5,http://www.amitshahinsurance.com/,amitshahcanada@gmail.com
160,Insurance Agency,Allstate Insurance: Brampton Agency,+1 289-201-6053,4,https://agents.allstate.ca/on/brampton/150-great-lakes-drive-dr?utm_source=google&utm_medium=organic&utm_campaign=AllstateInsurance,newpropertyclaims@allstate.ca; newpropertyclaims@allstate.ca
161,Insurance Agency,Punjab Insurance,+1 416-885-7373,5,https://www.punjabinsurance.ca/,admin@punjabinsurance.ca
162,Insurance Agency,"Rajat Malhotra - Home, Auto, Business, Life, Super Visa Insurance Broker",+1 647-894-0881,4.6,http://www.rajatmalhotra.ca/,info@rajatmalhotra.ca
163,Daycare Center,Lullaboo Nursery and Childcare Center Inc.,+1 905-863-1480,4.9,https://lullaboo.ca/,aurora@lullaboo.ca; avenue@lullaboo.ca; beaches@lullaboo.ca; bedford@lullaboo.ca; bradford@lullaboo.ca; brampton@lullaboo.ca; cambridge@lullaboo.ca; centennial@lullaboo.ca; churchill@lullaboo.ca; college@lullaboo.ca; elginmills@lullaboo.ca; heartland@lullaboo.ca; homestead@lullaboo.ca; maple@lullaboo.ca; meadowvale@lullaboo.ca; miltoneast@lullaboo.ca; mississaugawest@lullaboo.ca; oshawa@lullaboo.ca; wanless@lullaboo.ca
164,Daycare Center,Lullaboo Nursery and Childcare Center Inc,+1 289-298-5370,4.5,https://lullaboo.ca/,aurora@lullaboo.ca; avenue@lullaboo.ca; beaches@lullaboo.ca; bedford@lullaboo.ca; bradford@lullaboo.ca; brampton@lullaboo.ca; cambridge@lullaboo.ca; centennial@lullaboo.ca; churchill@lullaboo.ca; college@lullaboo.ca; elginmills@lullaboo.ca; heartland@lullaboo.ca; homestead@lullaboo.ca; maple@lullaboo.ca; meadowvale@lullaboo.ca; miltoneast@lullaboo.ca; mississaugawest@lullaboo.ca; oshawa@lullaboo.ca; wanless@lullaboo.ca
165,Daycare Center,Little Bloomers Childcare Centre,+1 905-499-0789,4.6,http://www.littlebloomerschildcarecentre.ca/,growinginportelgin@gmail.com; supervisor.growinginhanover@gmail.com; supervisor.littlebloomerscc@gmail.com
166,Daycare Center,Kidz Grow With Love,+1 905-487-2840,5,http://kidzgrowwithlove.com/,
167,Daycare Center,St. Maria Goretti Early Learning & Child Care Centre,+1 905-454-1477,5,https://familydaycare.com/,childcareservices@familydaycare.com; placementstudents@familydaycare.com
169,Daycare Center,Yunaland Daycare and Family Services,+1 289-901-0964,4.7,http://www.yunaland.ca/,info@yunaland.ca
170,Daycare Center,Happy Life Child Care Centre,+1 905-457-1581,4.6,https://www.happylifechildcare.ca/,18d2f96d279149989b95faf0a4b41882@sentry-next.wixpress.com; 5d1795a2db124a268f1e1bd88f503500@sentry.wixpress.com; 605a7baede844d278b89dc95ae0a9123@sentry-next.wixpress.com; 79baaa8e09c746d2b7401643b99792e0@sentry.wixpress.com; happylifecentre1975@gmail.com; happylifechildcare@gmail.com
171,Daycare Center,Absolute Angels Child Developement Centre,+1 905-970-0415,4.9,http://absoluteangels.ca/,
173,Daycare Center,PLASP,+1 905-840-5273,5,https://www.plasp.com/SearchForCare?type=0&lid=&sn=st.+agnes&pt=,arqueries@plasp.com; arteam@plasp.com; childcare@plasp.com; volunteering@plasp.com
174,Daycare Center,BrightPath Sandalwood Child Care Centre,+1 905-846-4656,4.7,https://brightpathkids.com/locations/sandalwood/,careers@brightpathkids.com; enrollment@brightpathkids.com; info@brightpathkids.com
175,Daycare Center,Pathway Child Care Centre,+1 905-846-3939,5,http://pathwaychildcarecentre.com/,pathwaychildcare11@bellnet.ca
176,Daycare Center,Willowbrae Childcare Academy,+1 905-497-8333,4.5,http://www.willowbraechildcarebrampton.com/,brampton@willowbraechildcare.com
177,Daycare Center,Busy Hands 'n' Minds Childcare Centre Brampton,+1 905-451-1999,4,http://www.busyhandsnminds.com/,financial@busyhandsnminds.com; glenerin@busyhandsnminds.com
178,Daycare Center,PLASP Child Care Services,+1 647-484-4372,4.1,https://www.plasp.com/SearchForCare?type=0&lid=&sn=Our+Lady+of+Fatima+C.S.&pt=,arqueries@plasp.com; arteam@plasp.com; childcare@plasp.com; volunteering@plasp.com
182,Gym / Fitness Center,GoodLife Fitness Brampton McLaughlin Corners West,+1 905-840-3120,4.1,https://www.goodlifefitness.com/clubs/club.299.html?utm_source=G&utm_medium=LPM&utm_campaign=GoodlifeFitness,members@goodlifefitness.com
183,Gym / Fitness Center,LA Fitness,+1 905-454-1991,4.2,https://www.lafitness.com/Pages/clubhome.aspx?clubid=628&utm_source=google&utm_medium=googlemaps&utm_campaign=maps,
184,Gym / Fitness Center,Quick Fitness,+1 905-861-9999,4.6,https://www.quickfitness.org/,quickfitservice@hotmail.com
185,Gym / Fitness Center,FITFORGOOD,+1 647-608-2921,5,http://www.fitforgood.ca/,fitforgood1981@gmail.com
186,Gym / Fitness Center,Signature Shape Fitness for Women,+1 647-284-5797,5,https://www.signatureshape.ca/,info@signatureshape.ca
187,Gym / Fitness Center,The Mega Gym,+1 647-818-5587,4.8,https://www.themegagym.ca/,info@themegagym.ca; themegagym@gmail.com
188,Gym / Fitness Center,Total Body Fitness & Wellness,+1 905-463-2013,4.8,http://www.totalbodyfitnessandwellness.com/,18d2f96d279149989b95faf0a4b41882@sentry-next.wixpress.com; 2062d0a4929b45348643784b5cb39c36@sentry.wixpress.com; 271e9fa3230b4eec94b02bf95780f5f2@sentry.wixpress.com; 460ff4620fa44cba8df530afde949785@sentry.wixpress.com; 5d1795a2db124a268f1e1bd88f503500@sentry.wixpress.com; 605a7baede844d278b89dc95ae0a9123@sentry-next.wixpress.com; 9a65e97ebe8141fca0c4fd686f70996b@sentry.wixpress.com; c183baa23371454f99f417f6616b724d@sentry.wixpress.com; dd0a55ccb8124b9c9d938e3acf41f8aa@sentry.wixpress.com; ed436f5053144538958ad06a5005e99a@sentry.wixpress.com; tbfitnessinc@gmail.com
189,Gym / Fitness Center,GoodLife Fitness Brampton Kingspoint Plaza,+1 905-452-7299,4.4,https://www.goodlifefitness.com/clubs/club.202.html?utm_source=G&utm_medium=LPM&utm_campaign=GoodlifeFitness,members@goodlifefitness.com
190,Gym / Fitness Center,Planet Fitness,+1 289-764-1835,4.1,https://www.planetfitness.ca/gyms/brampton-centennial-mall?utm_medium=organic&utm_source=extnet,press@pfhq.com
191,Gym / Fitness Center,Anytime Fitness,+1 905-970-9200,4.5,https://www.anytimefitness.ca/gyms/2287/Brampton-ON-L7A-3R9/,customercare@abcfitness.com
192,Gym / Fitness Center,Dreamland Athletics,+1 226-577-2122,4.8,https://dreamlandathletics.com/,dreamlandathletics@gmail.com
193,Gym / Fitness Center,Shaped by Strength,+1 647-871-8384,5,https://www.instagram.com/shapedbystrength_/,
194,Gym / Fitness Center,TopNotch Performance & Nutrition,+1 647-641-4807,4.9,http://www.tnpfit.ca/,
195,Gym / Fitness Center,Mahila WOMENS GYM with personal training for women,+1 437-313-2921,4.6,https://www.mahila.ca/,mymail@mailservice.com; support@mahila.ca
198,Gym / Fitness Center,Fit4Less,+1 905-840-5464,3.1,https://www.fit4less.ca/locations/provinces/ontario/brampton/brampton-worthington?utm_source=G&utm_medium=lpm&utm_campaign=fit4less,
199,Gym / Fitness Center,Gore Meadow Gym,+1 905-874-3477,4.4,https://www.brampton.ca/EN/residents/Recreation/Programs-Activities/pages/fitness.aspx,mara.lanz@brampton.ca
202,Beauty Salon & Spa,Jasmine Beauty Bar,+1 905-840-6135,4.5,http://jasminebeautybar.com/,virainsondhi12@gmail.com
208,Beauty Salon & Spa,Deep Touch Beauty Salon,+1 905-452-3224,4,https://deeptouchbeautysalon.ca/,deepbeautysalon@gmail.com
209,Beauty Salon & Spa,Doctor of Beauty – Hair • Facial • Lash Lift • Brows • Waxing • Spa,+1 437-601-0040,4.8,http://doctorofbeautyca.com/,
210,Beauty Salon & Spa,Favourite Salon & Spa,+1 905-457-4247,4.6,https://favouritesalon.com/,info@favouritesalon.com
212,Beauty Salon & Spa,Lilac Salon and Spa,+1 905-459-4772,4.1,https://lilacsalonandspa.org/services/,
213,Beauty Salon & Spa,A-One Salon and Spa by Suman B,+1 905-843-4000,4.4,http://facebook.com/aonesalonandspa/,
214,Beauty Salon & Spa,Rani's Beauty Salon Laser & Spa,+1 905-970-5559,4.8,http://ranibeautysalon.ca/,
215,Beauty Salon & Spa,Glow Girl Esthetic Studio,+1 437-438-8777,5,https://glowgirlesthetics.square.site/,13e49d785d8d4f828038b6136f3b48ba@sentry.io; glowgirlesthetics@hotmail.com; hi@mystore.com
216,Beauty Salon & Spa,Preet Bridal Beauty Salon and Spa,+1 905-840-4700,4.9,https://www.tiktok.com/@preetbridalbeauty,
219,Beauty Salon & Spa,Sarpz Salon & Spa,+1 416-302-0416,4.8,https://sarpzsalonspa.ca/,info@sarpzsalonspa.ca; sarpzsalon@gmail.com
220,Optometry Clinic,Brampton Optometric Clinic,+1 905-453-3503,4.8,http://boceyes.com/,staff@boceyes.com
221,Optometry Clinic,Brampton Optometrists,+1 905-455-1050,4.6,http://www.bramptonoptometrists.com/,
222,Optometry Clinic,Eye Optical - Brampton West (Fletchers),+1 905-499-4334,4.9,http://www.eyeopticalstore.com/,
223,Optometry Clinic,Noor Eye Clinic & Optical Testing Store,+1 905-230-0970,4.4,https://eyeclinicdirectory.ca/clinic/noor-eye-clinic-optical-testing-store-brampton,
224,Optometry Clinic,"Mint Eyecare (formerly of Dr. M. Chiu, Dr. K. Fong & Associates of Shoppers World Brampton)",+1 905-451-2199,4.8,http://www.minteyecare.ca/,info@minteyecare.ca; info@minteyecare.ca
225,Optometry Clinic,Bramalea Optometric Clinic,+1 905-791-5520,4.7,https://bramaleaoptometric.com/,
226,Optometry Clinic,iSmile Optometry Centre,+1 905-457-4700,4.2,http://www.brampton-optometrist.ca/,
227,Optometry Clinic,Westpoint Optical,+1 905-488-1626,4.9,https://westpointoptical.ca/locations/brampton-west/,
228,Optometry Clinic,"Akal Optical - Optometry, Optician, Optical Store Brampton",+1 905-846-8400,4.7,https://akaloptical.com/bovaird-dr/,info@akaloptical.com
229,Optometry Clinic,Eyeology Optometry & Eyewear,+1 905-459-1888,4.9,https://www.eyeology.com/,info@eyeology.com
230,Optometry Clinic,Eye Level Optical + Optometry,+1 905-970-8800,4.4,https://www.eyeleveloptical.com/,hello@eyeleveloptical.com
231,Optometry Clinic,Brampton Family Eye Care,+1 905-497-1422,4.9,http://bramptonfamilyeyecare.com/,bramptonfamilyeyecare@gmail.com
232,Optometry Clinic,Optical Pulse,+1 905-796-1100,4.8,http://opticalpulse.com/,info@opticalpulse.com
233,Optometry Clinic,Fandor Vision Point | Dr Harbir Pandhair,+1 905-840-2333,4.5,http://fandorvisionpoint.com/,605a7baede844d278b89dc95ae0a9123@sentry-next.wixpress.com; 8eb368c655b84e029ed79ad7a5c1718e@sentry.wixpress.com; info@fandorvisionpoint.com
234,Optometry Clinic,Drs. J & K Gill and Associates (Brampton Optometrists),+1 905-799-3514,4.8,https://www.drgillsoffice.com/,brampton@drgillsoffice.com
235,Optometry Clinic,Brampton Eye Clinic,+1 647-348-9926,5,https://www.bramptoneyeclinic.com/,
236,Optometry Clinic,Vivid Eyecare,+1 905-454-3937,4.8,https://www.vivideyes.ca/,info@vivideyes.ca
237,Optometry Clinic,Brampton Eye Care - Dr. Chaudhury & associates,+1 905-457-7677,4.5,http://www.bramptoneyecare.ca/,
238,Optometry Clinic,LMC Optometry Brampton,+1 905-450-3848,5,https://lmcoptometry.ca/location/brampton/,barrieeyecare@lmc.ca; bayvieweyecare@lmc.ca; bolton@individualeyes.ca; bramptoneyecare@lmc.ca; ottawaeyecare@lmc.ca; richmondhill@individualeyes.ca; sbeyecare@lmc.ca; thornhilleyecare@lmc.ca
240,Pharmacy,Gillingham Pharmacy,+1 905-459-7800,4.6,http://gillinghampharmacy.ca/,605a7baede844d278b89dc95ae0a9123@sentry-next.wixpress.com; gillinghampharmacy@gmail.com
241,Pharmacy,Hooper's Pharmacy,+1 905-451-2453,3.9,https://hoopershealth.com/,info@hoopershealth.com
242,Pharmacy,Spring Valley Pharmacy,+1 905-450-6444,3.7,https://www.guardian-ida-remedysrx.ca/en/ontario/brampton/spring-valley-pharmacy-7019148,
243,Pharmacy,People's Compounding Pharmacy & Medical Clinic,+1 905-453-8141,5,https://peoplescompoundingpharmacy.ca/,
244,Pharmacy,Pulse Pharmacy,+1 289-801-8997,4,https://pulseucc.com/our-services/pharmacy/?utm_source=google&utm_medium=organic&utm_campaign=pharmacygmblisting,
245,Pharmacy,Pendale pharmacy,+1 905-789-6500,4.3,https://pendalepharmacy.ca/,eben@eyebytes.com; pendalepharmacy@gmail.com
246,Pharmacy,Guardian James Potter Road Pharmacy,+1 905-456-0800,4,https://www.guardian-ida-remedysrx.ca/en/ontario/brampton/james-potter-road-pharmacy-7017609?utm_source=google&utm_medium=maps&utm_campaign=local_presence,
247,Pharmacy,Guardian DOWNTOWN BRAMPTON PHARMACY,+1 905-874-0000,4,https://www.guardian-ida-remedysrx.ca/en/ontario/brampton/downtown-brampton-pharmacy-7029020?utm_source=google&utm_medium=maps&utm_campaign=local_presence,
248,Pharmacy,Pharmasave BramNorth Pharmacy,+1 905-792-7333,3.9,https://pharmasave.com/brampton-bramnorth,atulbadiani@hotmail.com; crystalbeachpharmacy@gmail.com; madawaskadrugs@gmail.com; pharmasave9407@gmail.com; portagepharmasave@gmail.com; ps406@email.ca
249,Pharmacy,MedGuru Pharmacy,+1 905-450-7111,4.6,http://medguru.ca/,medgurupharmacy@gmail.com
250,Pharmacy,Main St Pharmacy (PharmaChoice),+1 905-454-3008,4.5,http://pharmachoice.com/,
251,Pharmacy,Sandalwood Medical Pharmacy,+1 905-495-5855,4.3,https://sandalwoodpharmacy.ca/,hello@rfuenzalida.com; impallari@gmail.com; info@indiantypefoundry.com; sandalwood.pharmacy@gmail.com
252,Pharmacy,Lormel Pharmacy,+1 905-846-6800,3.9,https://sites.google.com/view/lormelmedicalcenter/pharmacy,asxvmprobertest@gmail.com; smart.journey.prober@gmail.com
254,Pharmacy,Greencross Pharmacy,+1 905-840-7133,4.6,https://wexfordmed.com/our-pharmacy/,info@wexfordmed.com; info@wexfordmed.com
255,Pharmacy,Ultracare Specialty Pharmacy,+1 905-495-1110,4.6,http://www.ultracarespecialtypharmacy.ca/,
256,Pharmacy,Vodden Medical Pharmacy - The Compounding Centre,+1 905-455-3381,4.7,https://voddenpharmacy.com/,cosimo@voddenpharmacy.com
258,Pharmacy,Pharmasave Westbram,+1 905-454-5111,4.1,https://www.pharmasavewestbram.com/,info@pharmasavewestbram.com
259,Chiropractic Clinic,Life Chiropractic & Wellness Centre,+1 905-840-9481,4.8,https://www.grablife.ca/?utm_source=gmb&utm_medium=organic,header@2x.jpg; our-services-banner@2x.jpg
260,Chiropractic Clinic,Intelligent Health Group - Brampton,+1 647-499-1444,4.9,https://intelligenthealthgroup.ca/chiropractic-clinic-brickyard-brampton/,info@intelligenthealthgroup.ca
261,Chiropractic Clinic,Justine Blainey Wellness Centre,+1 905-840-9355,4.7,https://www.blaineywellness.com/?schedule_source=GMB,
262,Chiropractic Clinic,First Chiropractic Care Centre,+1 905-457-8172,4.9,https://www.fcccbrampton.ca/,contact@mysite.com; info@fcccbrampton.ca; info@fcccbrampton.com
263,Chiropractic Clinic,Ladak Chiropractic Health Centre,+1 905-497-3655,4.8,https://ladakchiropractichealthcentre.com/,_info@ladakchiropractichealthcentre.com; _info@ladakchiropractichealthcentre.com
264,Chiropractic Clinic,Heart Lake Chiropractic and Spinal Decompression Centre,+1 905-840-1330,4.3,http://heartlakechiro.com/,
265,Chiropractic Clinic,Hill Chiropractic,+1 905-451-7157,4.8,http://www.drronhillchiropractic.com/,
266,Chiropractic Clinic,Epic Health and Movement,+1 905-500-5718,5,http://www.epichealthandmovement.com/,epichealthandmovement@gmail.com
267,Chiropractic Clinic,Sandalwood Chiropractic & Wellness Centre,+1 905-459-0685,4.4,http://sandalwoodchiropractic.com/,605a7baede844d278b89dc95ae0a9123@sentry-next.wixpress.com; sandalwoodchiropractic@hotmail.com
268,Chiropractic Clinic,Bramalea Chiropractic Walk-In and Physiotherapy Clinic,+1 905-791-7011,4.3,https://www.drkeogh.com/?utm_source=GMB&utm_medium=organic&utm_campaign=gmb-website,dr.p.keogh@gmail.com
269,Chiropractic Clinic,Abbott Chiropractic Clinic,+1 905-453-0032,4.9,http://www.abbottchiropractic.ca/,
270,Chiropractic Clinic,Head To Toe Wellness Centre,+1 905-453-1806,4.8,http://www.headtotoechiropractic.com/,headtotoechiropractic@gmail.com
271,Chiropractic Clinic,Durham Chiropractic and Wellness Centre,+1 905-799-0080,4.8,http://www.bramptonchirowellness.com/,2062d0a4929b45348643784b5cb39c36@sentry.wixpress.com; 271e9fa3230b4eec94b02bf95780f5f2@sentry.wixpress.com; 460ff4620fa44cba8df530afde949785@sentry.wixpress.com; 54b4aac306184111a223c0f4aea635c3@sentry.wixpress.com; 605a7baede844d278b89dc95ae0a9123@sentry-next.wixpress.com; bfb679c754744c58a7374ee6e25cfc13@sentry.wixpress.com; ed436f5053144538958ad06a5005e99a@sentry.wixpress.com; info@bramptonchirowellness.com
272,Chiropractic Clinic,Dr. Doug - Chiropractor,+1 905-453-1806,5,https://www.drdoug.ca/?utm_source=google&utm_medium=organic&utm_campaign=Google+My+Business+Profile+,18d2f96d279149989b95faf0a4b41882@sentry-next.wixpress.com; 2062d0a4929b45348643784b5cb39c36@sentry.wixpress.com; 5d1795a2db124a268f1e1bd88f503500@sentry.wixpress.com; 605a7baede844d278b89dc95ae0a9123@sentry-next.wixpress.com; 79baaa8e09c746d2b7401643b99792e0@sentry.wixpress.com; 8eb368c655b84e029ed79ad7a5c1718e@sentry.wixpress.com; example@mysite.com; info@drdoug.ca
273,Chiropractic Clinic,Active Life Wellness Center,+1 647-955-8032,4.8,https://www.alwc.ca/,
276,Chiropractic Clinic,Dr. Sonam Chahal - Chiropractic Doctor & Physiotherapy - Five Senses Spa and Wellness Centre,+1 416-991-2737,5,https://www.fivesenseswellness.com/chiropractic-care,18d2f96d279149989b95faf0a4b41882@sentry-next.wixpress.com; 1eeb89147c984dc6bc3ffafd9e6cd089@sentry.wixpress.com; 2062d0a4929b45348643784b5cb39c36@sentry.wixpress.com; 271e9fa3230b4eec94b02bf95780f5f2@sentry.wixpress.com; 460ff4620fa44cba8df530afde949785@sentry.wixpress.com; 59f3fdbcc4da44ab841236a7406e9b3b@sentry.wixpress.com; 5d1795a2db124a268f1e1bd88f503500@sentry.wixpress.com; 605a7baede844d278b89dc95ae0a9123@sentry-next.wixpress.com; 79baaa8e09c746d2b7401643b99792e0@sentry.wixpress.com; 8c4075d5481d476e945486754f783364@sentry.io; 8eb368c655b84e029ed79ad7a5c1718e@sentry.wixpress.com; 98b21aa53d68482b8414e892d9af0e5f@sentry-next.wixpress.com; 9a65e97ebe8141fca0c4fd686f70996b@sentry.wixpress.com; c183baa23371454f99f417f6616b724d@sentry.wixpress.com; dd0a55ccb8124b9c9d938e3acf41f8aa@sentry.wixpress.com; ed436f5053144538958ad06a5005e99a@sentry.wixpress.com; fivesensesdayspa@gmail.com
277,Chiropractic Clinic,Center For The Rehabilitation Sciences Inc (CRS Inc.),+1 905-874-1282,5,http://www.livepainfreenow.ca/,dr.spinalpain@gmail.com
278,Chiropractic Clinic,Newlight Pain Clinic,+1 905-454-9101,4.1,https://www.newlightpainclinic.ca/,605a7baede844d278b89dc95ae0a9123@sentry-next.wixpress.com; 8c4075d5481d476e945486754f783364@sentry.io; 9a65e97ebe8141fca0c4fd686f70996b@sentry.wixpress.com; c183baa23371454f99f417f6616b724d@sentry.wixpress.com; dd0a55ccb8124b9c9d938e3acf41f8aa@sentry.wixpress.com; info@downtowntorontowellness.ca; info@newlightnorthyork.com; newlightfrontoffice@gmail.com
279,Funeral Home,Brampton Funeral Home & Cemetery,+1 905-460-9155,4.6,https://www.arbormemorial.ca/en/brampton.html?utm_source=google&utm_medium=organic&utm_campaign=0341_brampton_google-my-business,
280,Funeral Home,Ward Funeral Home,+1 905-451-2124,4.4,https://www.wardfuneralhomes.com/,mymail@mailservice.com
281,Funeral Home,Scott Funeral Home - Brampton Chapel,+1 905-451-1100,4.5,https://www.arbormemorial.ca/en/scott-brampton.html?utm_source=google&utm_medium=organic&utm_campaign=7110_scott-brampton_google-my-business,
282,Funeral Home,Andrews Community Funeral Centre - Bramalea Chapel,+1 905-456-8190,4.9,https://www.dignitymemorial.com/en-ca/funeral-homes/ontario/brampton/andrews-community-funeral-centre-bramalea-chapel/3163?utm_source=google_my_business&utm_medium=organic,
283,Funeral Home,Brampton Crematorium & Visitation Centre,+1 905-458-2222,4.7,https://bcvc.info/,bramptonvisitation@bcvc.info
284,Funeral Home,"Meadowvale Cemetery, Cremation and Funeral Centres",+1 905-451-3716,3.8,https://www.mountpleasantgroup.com/locations/meadowvale-cemetery-cremation-and-funeral-centres-brampton,clientfeedback@mountpleasantgroup.com
285,Funeral Home,Dignity Memorial,+1 905-456-8190,5,https://www.dignitymemorial.com/en-ca/funeral-homes/ontario/brampton/andrews-community-funeral-centre-bramalea-chapel/3163,
286,Funeral Home,Affordable Funeral Services,+1 416-270-2436,5,http://www.affordablefuneralservices.ca/,
287,Funeral Home,Assumption Catholic Cemetery & Funeral Home,+1 905-670-8801,4.2,https://www.catholic-cemeteries.ca/cemeteries/assumption-catholic-cemetery/,
289,Funeral Home,Michelle Loraine,+1 416-899-1174,,http://www.michelleloraine.com/,
291,Funeral Home,Bingham's Funeral Homes Supplies,+1 416-752-1111,,http://www.binghamsfuneralhomessupplies.com/,eben@eyebytes.com; filler@godaddy.com
292,Funeral Home,Everest Funeral,+1 800-913-8318,,http://everestfuneral.ca/,contact@everestfuneral.com; mediainquiries@everestfuneral.com
293,Auto Dealership,Brampton Auto Mall,+1 844-863-2801,4,http://www.bramptonautomall.ca/,hhernandez@convertus.com; jane@gmail.com; nom@exemple.com
294,Auto Dealership,22G Auto Sales Ltd.,+1 855-355-0022,4.8,http://www.22gautosales.com/,wheels@22gautosales.com
295,Auto Dealership,Ca Auto Sales,+1 905-796-2800,4.9,http://www.caautosales.ca/,sales@caautosales.ca
296,Auto Dealership,AUTO FREAK,+1 905-571-2777,4.7,https://www.autofreak.ca/,autofreakgroup@gmail.com
297,Auto Dealership,Brampton Auto Center,+1 647-631-8755,4.8,https://www.bramptonautocenter.ca/,info@bramptonautocenter.ca
298,Auto Dealership,10x Fine Auto Inc,+1 647-521-8080,4.8,https://www.10xfineauto.ca/cars,10xfineauto@gmail.com
299,Auto Dealership,# 9 Auto Sales Ltd,+1 905-450-0009,4.1,http://www.9autosales.ca/,
300,Auto Dealership,Nawab Motors,+1 905-874-9494,4.6,https://www.nawabmotors.ca/,sales@nawabmotors.ca
301,Auto Dealership,Mr Singh Auto Sale,+1 289-200-0085,4.8,https://www.boostautoandtrucksales.com/,
303,Auto Dealership,Auto Crew Sales,+1 647-331-3295,4.1,https://autocrewsales.com/,autocrewsales@gmail.com
304,Auto Dealership,Toronto Car Sales & Auto Service,+1 416-727-1270,4.4,http://torontocarsale.com/,
305,Auto Dealership,Noble Auto Hut,+1 905-799-6565,4.6,http://noblecarsales.com/,
306,Auto Dealership,DIAMOND AUTO SALES,+1 416-274-9773,4.8,http://www.diamondautosales.ca/,dmndautosales@gmail.com
307,Auto Dealership,Wmz Auto Sales,+1 905-455-2121,4.2,https://www.wmzauto.ca/,
308,Auto Dealership,Gedi Route Cars,+1 905-247-8040,4.8,https://www.grcars.ca/?utm_source=google&utm_medium=local&utm_campaign=1&utm_content=primary,sukhmandeepkang25@gmail.com
309,Auto Dealership,Affordable Used Car Sales Inc.,+1 416-303-9494,4.4,https://affordablecars4sales.ca/,
310,Auto Dealership,ACEZ AUTO SALES,+1 905-872-7367,4.5,https://www.acezauto.com/,sales@acezauto.com
311,Auto Dealership,First Motors,+1 905-452-3000,4.8,http://www.firstmotors.ca/,info@firstmotors.ca; sales@firstmotors.ca
313,Private School / Tutoring,Learn With Ashina,+1 289-996-3639,5,https://learnwithashina.com/,learnwithashina@gmail.com
314,Private School / Tutoring,The Educators Academy (Private High School & Tutoring Service),+1 905-654-4646,4.6,http://www.educatorsacademy.ca/,educatoracademy.can@gmail.com
315,Private School / Tutoring,Xpert Tutoring & Private High School,+1 647-968-0258,4.9,https://xpertlearns.com/,info@xpertlearn.com; webmaster@xpertlearns.com
316,Private School / Tutoring,"Academy for Mathematics & English, Dusk",+1 289-201-7000,4.9,http://www.tutoringacademy.ca/locations/ontario/dusk.php,
317,Private School / Tutoring,Hakam Academy of Learning Tutoring,+1 647-382-4254,5,https://www.hakamacademyoflearning.com/,2062d0a4929b45348643784b5cb39c36@sentry.wixpress.com; 271e9fa3230b4eec94b02bf95780f5f2@sentry.wixpress.com; 460ff4620fa44cba8df530afde949785@sentry.wixpress.com; 54b4aac306184111a223c0f4aea635c3@sentry.wixpress.com; 605a7baede844d278b89dc95ae0a9123@sentry-next.wixpress.com; 79baaa8e09c746d2b7401643b99792e0@sentry.wixpress.com; 88170cb0c9d64f94b5821ca7fd2d55a4@sentry-next.wixpress.com; 9a65e97ebe8141fca0c4fd686f70996b@sentry.wixpress.com; bfb679c754744c58a7374ee6e25cfc13@sentry.wixpress.com; contact@hakamacademyoflearning.com; ed436f5053144538958ad06a5005e99a@sentry.wixpress.com
318,Private School / Tutoring,Scholars of Brampton North,+1 905-495-9998,4.8,https://www.scholarsed.com/locations/brampton-north/,BramptonNorth@ScholarsEd.com; Info@ScholarsED.com
319,Private School / Tutoring,XLence Learning,+1 647-299-6479,5,http://xlencelearning.ca/,info@xlencelearing.ca
320,Private School / Tutoring,Accts Tutoring Services,+1 647-473-8911,4.9,http://www.acctstutoringservices.com/,AcctsTutoringServices@gmail.com; acctstutoringservices@gmail.com; AcctsTutoringServices@gmail.com; acctstutoringservices@gmail.com
321,Private School / Tutoring,Oxford Learning Brampton North,+1 647-724-5323,4.5,https://oxfordlearning.com/locations/brampton-north-tutoring/,
322,Private School / Tutoring,Scholars of Brampton East,+1 905-792-2220,4.9,https://www.scholarsed.com/locations/brampton-east/,Info@ScholarsED.com; BramptonEast@ScholarsEd.com
323,Private School / Tutoring,Shafi Education | Tutoring,+1 905-495-4545,4.7,http://www.shafiedu.com/,info@shafiedu.com
324,Private School / Tutoring,GD Academy,+1 416-670-2981,4.9,http://gdacademy.ca/,gd.academy@yahoo.com
325,Private School / Tutoring,"Brampton Stars Learning Academy | ELEMENTARY SCHOOL, $20 TUTORING K-12 & $50 DAILY CAMPS",+1 647-996-0389,5,http://www.bramptonstars.ca/,micah@micahrich.com
326,Private School / Tutoring,SS Education,+1 905-514-7827,4.9,https://sseducation.ca/,contact@superstaracademy.ca
327,Private School / Tutoring,Excel Your Education LTD,+1 647-271-7654,5,http://www.excelyouredu.ca/,filler@godaddy.com; micah@micahrich.com
329,Private School / Tutoring,Innocent Hearts Secondary School,+1 647-293-9906,4.9,http://www.innocenthearts.ca/?utm_source=GoogleMaps&utm_medium=Maps&utm_campaign=Local,
330,Private School / Tutoring,"Academy for Mathematics & English, Shopper's World",+1 905-455-5525,4.8,http://www.tutoringacademy.ca/locations/ontario/shoppersworld.php,
333,Dental Clinic,Northgate Smiles Dental Clinic,+1 905-458-4111,4.9,http://www.northgatesmiles.ca/,info@northgatesmiles.ca
334,Dental Clinic,North Park Family Dental Care,+1 905-789-8116,4.9,https://www.porterdentistry.ca/?utm_source=google&utm_medium=google_business_profile&utm_campaign=website_click,northparkdental@drcrisol.com
335,Dental Clinic,Sunny Meadow Dentistry,+1 905-487-0708,4.9,http://sunnymeadowdentistry.com/,info.sunnymeadow@gmail.com
336,Dental Clinic,Smileton Dental,+1 905-459-8898,4.8,http://smiletondental.ca/,dentist@smileton.ca; info@smiletondental.ca
337,Dental Clinic,Bram Park Dentistry Dental Clinic,+1 905-791-1200,4.7,https://bramparkdentistry.com/,bramparkdentistry@gmail.com
338,Dental Clinic,Spring Meadows Dental Clinic,+1 905-458-3344,4.7,https://www.springmeadowsdental.com/,info@drdanewalia.com
339,Dental Clinic,Bramdale Dental,+1 905-790-2345,4.6,https://www.bramdaledentaloffice.com/,info@bramdaledentaloffice.com
340,Dental Clinic,Dental Studio - Bramalea Rd.,+1 905-792-2221,4.5,https://dentalstudiogta.com/locations/dental-studio-gta-bramalea/,info@sterlingdental.com
341,Dental Clinic,Peel Dental Care,+1 905-791-4000,4.9,http://www.peeldentalcare.com/,office@peeldental.com
343,Dental Clinic,Hakeem Dental,+1 905-792-9922,4.7,http://www.hakeemdental.ca/,7hilldental@gmail.com; info@bovairdsmilesdental.ca; veteransdrdental@gmail.com
344,Dental Clinic,Dentistry In Springdale,+1 905-799-2224,4.8,http://roopalisharmadental.ca/,
345,Dental Clinic,Lakeridge Dental Brampton,+1 905-451-8600,4.5,https://lakeridgedental.ca/,
346,Dental Clinic,Keshavarz Dental Clinic in Brampton,+1 905-791-3867,4.8,https://www.keshavarzdentistry.com/,
347,Dental Clinic,Airport Bovaird Family Dentistry,+1 905-789-8400,4.6,https://airportbovairddentistry.ca/,airportbovaird@gmail.com
348,Dental Clinic,Springdale Family Dental,+1 365-977-7756,4.7,https://springdalefamilydental.ca/,info@springdalefamilydental.ca
349,Dental Clinic,Trinity Dental Centre,+1 905-792-7645,4.7,http://www.trinitydental.ca/,
350,Dental Clinic,Salvaggio Dentistry,+1 289-569-0721,4.7,https://www.salvaggiodentistry.ca/,salvaggiodentistry@gmail.com; smile@salvaggiodentistry.ca
351,Dental Clinic,Sorriso Dental Care,+1 416-822-6751,5,https://sorrisodental.care/,impallari@gmail.com
352,Medical Center,Howden Medical Clinic in Brampton,+1 905-790-2666,3.4,https://www.howdenmedicalclinic.com/,info@howdenmedicalclinic.com
354,Medical Center,Castleport Medical Centre and Walk-in Clinic,+1 905-799-8080,2.9,http://www.castleportmedical.com/,castleportmedical2@gmail.com
357,Medical Center,Sunnyvale Medical Centre & Pharmacy,,4.2,http://www.sunnyvalemed.com/,
358,Medical Center,Northgate Doctors Office,+1 905-458-4771,2.6,https://northgateclinic.com/,contact@northgateclinic.com
359,Medical Center,WELL Health Medical Centres - Bramalea City Centre,,2.3,https://wellclinics.ca/properties/well-health-medical-centres-bramalea/,fallback-thumbnail@2x.jpg; mens_health-thumbnail@2x-1.jpg; obstetrics-thumbnail@2x.jpg; physiotherapy_allied_health-thumbnail@2x.jpg; womens_health-thumbnail@2x.jpg
360,Medical Center,Lakeridge Medical,+1 905-497-8155,4.7,https://lakeridgemedical.ca/,dhrumil@ammc.ca; info@lakeridgemedical.ca
361,Medical Center,Vantage Medical Center,+1 905-789-9915,3.8,https://vantagemedical.ca/,
363,Medical Center,TMU Integrated Health Centre,+1 416-542-5895,4.3,https://www.torontomu.ca/integrated-health-centres/,ihc@torontomu.ca; ihc@torontomu.ca
365,Medical Center,CompassCare Medical & Walk-in Clinic,+1 905-863-1466,4.2,https://compassmd.ca/,info@compassmd.ca; info@indiantypefoundry.com
366,Medical Center,Vital Urgent Care Centre Brampton East,+1 905-458-4501,3.2,https://vitalurgentcare.ca/brampton/,
367,Physiotherapy Clinic,DRS Physio & Wellness,+1 905-793-5554,4.9,https://drsphysioandwellness.com/,drsphysio105@gmail.com; haninder.dhillon@gmail.com
368,Physiotherapy Clinic,Complete Physio & Sports Rehab,+1 905-595-2848,4.9,http://www.completephysiorehab.ca/,info@completephysiorehab.ca
369,Physiotherapy Clinic,Brampton Physiocare & Wellness Clinic,+1 905-497-1311,4.8,https://www.bramptonpcw.com/,
370,Physiotherapy Clinic,Lifemark Physiotherapy North Bramalea,+1 905-790-1269,4.7,https://www.lifemark.ca/North-Bramalea?utm_source=gmb&utm_medium=organic,northbramalea@lifemark.ca; northbramalea@lifemark.ca
371,Physiotherapy Clinic,Active Physiotherapy Brampton,+1 647-559-6121,5,https://activephysiobrampton.com/,
372,Physiotherapy Clinic,Alpha Physiotherapy And Rehab,+1 905-789-0123,4.9,http://www.alphaphysio.ca/,info@alphaphysio.ca
373,Physiotherapy Clinic,Access Physiotherapy,+1 905-792-0050,4.7,https://www.accessphysio.ca/,info@accesshealthcentre.ca; info@accessphysio.ca
374,Physiotherapy Clinic,Complete Rehab Centre,+1 905-789-1290,4.8,http://completerehab.ca/,
375,Physiotherapy Clinic,Rejuvenate Physiotherapy & Rehabilitation Centre,+1 647-964-6488,4.9,https://rejuvenatephysiorehab.com/,info@rejuvenatephysiorehab.com
376,Physiotherapy Clinic,Myhealth Flow - Physiotherapist in Brampton,+1 905-487-7139,4.7,https://www.myhealthflow.ca/,info@liferehab.ca; info@myhealthflow.ca
377,Physiotherapy Clinic,Right Time Rehab-North Park Branch,+1 905-453-6799,4.7,http://righttimerehab.ca/,info@righttimerehab.ca; righttimerehab@gmail.com
378,Physiotherapy Clinic,White Pine Health - Brampton Physiotherapy Clinic & Wellness,+1 888-529-0664,4.9,https://whitepinehealth.ca/physiotherapy-brampton/,
379,Physiotherapy Clinic,HealthCare Rehabilitation Centre Inc. O/A Healthplus Rehab Centre,+1 905-792-6900,4.4,http://healthcarerehabcentre.com/about/,
380,Physiotherapy Clinic,Next Step Physio & Rehab Clinic,+1 647-872-8105,,https://nextstepphysioandrehab.com/,nextstepphysioandrehab@gmail.com
381,Physiotherapy Clinic,"Finchgate Physiotherapy, Massage & Chiro",+1 289-948-1446,4.9,https://www.finchgatephysio.ca/,guelph@pacificphysiotherapy.ca; hamilton@pacificphysiotherapy.ca; info@finchgatephysio.ca; info@pacificphysiotherapy.ca
382,Physiotherapy Clinic,Ortho Care Physio,+1 905-488-1461,5,http://orthocarephysio.ca/,info@orthocarephysio.ca; xxx@xx.com
383,Physiotherapy Clinic,LJR Physiotherapy Services Inc.,+1 905-463-9972,4.5,http://www.ljrphysio.ca/,admin@ljrphysio.ca
384,Physiotherapy Clinic,MyoHealth Physio,+1 647-370-1674,5,https://www.myohealthphysio.com/?utm_source=GMB&utm_medium=organic&utm_campaign=GMBwebsite,info@myohealthphysio.com
385,Veterinary Clinic,Bramalea Animal Hospital,+1 905-792-2200,4.7,http://bramaleaanimalhospital.ca/,
386,Veterinary Clinic,Peel Animal Hospital,+1 905-799-3121,3.8,https://peelvet.ca/,peelvethospital@gmail.com; peelvethospital@gmail.com
387,Law Firm,KHURANA LAW FIRM,+1 905-791-0900,4.8,http://www.khuranalawyer.com/,hp@khuranalawyer.com
388,Law Firm,Deol & Nagpal Law Firm LLP,+1 905-796-0911,4.6,http://www.dnlawfirm.ca/,info@dnlawfirm.ca
389,Law Firm,Saini & Kamal Law Office,+1 905-913-1300,4.4,https://sainilaw.ca/,dsaini@sainilaw.ca
393,Law Firm,GILL Lawyers Group,+1 905-790-0666,4.7,https://gilllawyersgroup.com/,gilllaw01@gmail.com
394,Law Firm,Saggi Law Firm,+1 647-983-6720,4.8,https://saggilawfirm.com/,mandeep@saggilawfirm.com
395,Law Firm,Kalia Law Firm,+1 905-790-0020,4.7,https://www.kalialaw.com/,info@kalialaw.com; office@kalialaw.com
396,Law Firm,Aasara Lawyers Professional Corporation,+1 905-456-2020,4.5,http://www.aasaralawyers.com/,hostwithkunika@gmai.com; hostwithkunika@gmail.com; info@aasaralawyers.ca
397,Law Firm,Dandiwal Law Professional Corporation,+1 647-702-0014,4.9,http://www.dlawpc.ca/,amar@dlawpc.ca; info@dlawpc.ca
398,Law Firm,Rathod Immigration Lawyer & Notary,+1 647-372-1983,4.8,http://www.rathodlaw.com/,team@hplaw.org
399,Law Firm,Anita Perera Law Professional Corp. Lawyers & Notary Public,+1 647-460-9143,4.7,https://anitapereralaw.ca/,info@anitapereralaw.ca
400,Law Firm,Keran Sangha Professional Corporation,+1 905-791-9200,4.6,https://www.keransanghalawyer.ca/,
401,Law Firm,Mandeep Saggi Criminal Lawyer Brampton,+1 647-983-6720,4.7,https://saggilawfirm.com/,mandeep@saggilawfirm.com
403,Accounting Office,Gondaliya CPA,+1 647-212-9559,5,https://gondaliyacpa.ca/,info@gondaliyacpa.ca; sharad@gondaliyacpa.ca; vandana@gondaliyacpa.ca
404,Accounting Office,VN Accounting Solutions Inc.,+1 905-216-2445,4.7,https://vnaccountingsolutions.com/,accounting16-825x340@2x-890x664.jpg; info@vnaccountingsolutions.com
405,Accounting Office,Zad Accounting & Tax,+1 905-799-2646,5,http://www.zadaccounting.ca/,info@zadaccounting.ca
406,Accounting Office,Universal Accounting Firm,+1 905-799-1050,5,https://www.universalaccountingfirm.com/,info@universalaccountingfirm.com
407,Accounting Office,"JAS BASRA, CPA",+1 905-790-2002,4.4,http://www.jasbasra.com/,jascpa@rogers.com
408,Accounting Office,QS Accounting and Taxation Services,+1 647-409-2193,5,https://qsaccounting.com/,name@company.com; qsatax@gmail.com
409,Accounting Office,Taxxel Accounting Services,+1 647-461-0361,5,https://www.taxxel.ca/,fileyourtax@taxxel.ca
410,Accounting Office,"Avnish Aggarwal, CPA-Tax , Accounting, Corporation",+1 647-500-2296,4.8,http://www.avnishcpa.com/,
411,Accounting Office,Ashwani Sood CPA Office,+1 905-791-9991,4,http://ashwanisood.com/,aksood@ashwanisood.com; impallari@gmail.com
412,Accounting Office,Wealth Cloud Accounting Professional Corporation || CPA || Business Accounting Services || Tax Consultant || Brampton,+1 905-497-2242,4.5,http://www.wealthcloud.ca/,info@wealthcloud.com
413,Accounting Office,"Balvir Saini, CPA & Sandeep Saini, CPA",+1 905-451-2883,5,http://www.bssaini.com/,info@bssaini.com
414,Accounting Office,Think Accounting,+1 416-422-0300,4.9,http://www.thinkaccounting.ca/,info@thinkaccounting.ca
416,Real Estate Agency,Baljinder Sra (Real Estate Broker),+1 416-419-9697,5,http://www.baljindersra.com/,info@baljindersra.ca
417,Real Estate Agency,"Upstate Realty Inc., Brokerage | Buy & Sell Homes with GTA's Top Realtors",+1 416-581-8000,5,https://www.upstaterealty.ca/,info@upstaterealty.ca
418,Real Estate Agency,re/max gold realty brokerage - Inder Chawla,+1 647-701-1486,4.6,https://homesbyic.com/,
419,Real Estate Agency,Ruby Thambiah | Top Real Estate Agent in Brampton | RE/MAX Realty Services Inc. Best Advice | Best Service | Best Results,+1 416-999-5337,5,http://www.buyandsellwithruby.com/,ruby.thambiah@gmail.com
420,Real Estate Agency,Team Panag| Ranked #1Agent in Brampton 2025 || Leading Real Estate Expert || Ranked #2 Realtor in PEEL,+1 905-533-0118,4.8,http://www.teampanag.com/,info@teampanag.com
421,Real Estate Agency,Realtor Samson Antony,,5,https://www.samsonantony.com/,samsantony@gmail.com
422,Real Estate Agency,"Paul Mann, Best Real Estate Agent | Top 1%* Real Estate Broker",+1 647-633-5565,4.9,http://www.paulsellall.com/,paulmannhomes@gmail.com
423,Real Estate Agency,Team Sunny Gawri Brampton And Greater Toronto Area Real Estate Agent,+1 647-400-2620,5,http://www.realtorsunnyg.com/,info@realtorsunnyg.com
424,Real Estate Agency,Raj Sharma - Top Real Estate Agent in Brampton,+1 416-473-2105,5,http://www.sellwithrajsharma.com/,
425,Real Estate Agency,ACHINT AHLUWALIA,+1 647-876-4646,5,http://achintwalia.ca/,
426,Real Estate Agency,List N Sold Realty Corporation,+1 905-840-3333,5,http://listnsold.ca/contact,
427,Real Estate Agency,Manu Chohan | Real Estate Broker | Homes For Sale in Brampton | Top Realtor in Brampton,+1 416-560-0008,5,http://www.manuchohan.com/,
428,Real Estate Agency,Team Paul Real Estate,+1 647-328-2277,4.9,https://teampaul.ca/,info@teampaul.ca
429,Real Estate Agency,Castlemore Real Estate Limited Brampton Office,+1 416-630-4444,5,http://castlemorerealestate.ca/,605a7baede844d278b89dc95ae0a9123@sentry-next.wixpress.com; castlemorerealestate@live.ca
430,Real Estate Agency,Commercial Real Estate Broker Varinder Puaar,+1 416-558-3487,5,https://ontariocrehub.com/,
432,Insurance Agency,"Canadian LIC® - Harpreet Puri, Super Visa Insurance, Life Insurance, Critical Illness Insurance",+1 416-543-9000,4.9,https://www.canadianlic.com/?utm_source=organic&utm_medium=google+search&utm_campaign=googlemybusiness,info@canadianlic.com
434,Insurance Agency,My Insurance Broker (Brampton),+1 905-497-2525,3.1,https://www.myinsurancebroker.com/,onlinesales@myinsurancebroker.com
435,Insurance Agency,Rupinder Rai,+1 416-561-1800,5,https://www.rairupinder.com/,
436,Insurance Agency,Avon Insurance Inc,+1 905-216-5563,5,http://www.avoninsurance.ca/,info@avoninsurance.ca
437,Insurance Agency,Amandeep Bajwa Desjardins Insurance Agent,+1 905-460-5000,3.9,https://www.amandeepbajwa.ca/?utm_id=ls-e-0-24931&campagne=ls-e-0-24931,amandeep.bajwa@desjardins.com
438,Insurance Agency,Co-operators - Kanwal Singh Insurance Agency Ltd,+1 905-791-2667,3.3,https://www.cooperators.ca/local/kanwal-singh-insurance/?utm_source=google&utm_medium=lpm&utm_campaign=co-operators,client_service_support@cooperators.ca; report_fraud@cooperators.ca
439,Insurance Agency,Super Visa Insurance,+1 888-444-0076,4.4,https://parentsupervisa.ca/,info@parentsupervisa.ca
440,Insurance Agency,ALLKIND INSURANCE,+1 905-587-2020,4.3,http://allkindinsurance.com/,allkindinsuranceinc@gmail.com
441,Insurance Agency,Nacora Insurance -Brampton ( Karol Bagh Plaza ),+1 905-487-1124,5,https://www.nacora.ca/,andrea.villamizar@nacora.com; contact.nacorafrance@nacora.com; francine.fang@kuehne-nagel.com; german.aguiar@nacora.com; hello@nacora.com; hing.yuen@nacora.com; info.australia@nacora.com; info.austria@nacora.com; info.belgium@nacora.com; info.canada@nacora.com; info.ee@nacora.com; info.germany@nacora.com; info.italy@nacora.com; info.luxembourg@nacora.com; info.nacora@brokins.gr; info.netherlands@nacora.com; info.portugal@nacora.com; info.southafrica@nacora.com; info.spain@nacora.com; info.sweden@nacora.com; info.swiss@nacora.com; info.turkey@nacora.com; info.usa@nacora.com; info@anchorrisk.com; info@gfh-insurance.com; infomex.nacora@nacora.com; marcel.guerra@nacora.com; nacora@pec.it; pablo.quintero@nacora.com; richard.huang@nacora.com; sunil.kannoujiya@kuehne-nagel.com; uk.salesteam@nacora.com; yasuhide.miyamoto@nacora.com
443,Insurance Agency,Insure Me Right - Life Insurance Broker | Disability & Critical illness Insurance | Insurance Solution For Business Owners,+1 905-291-0412,5,http://insuremeright.ca/,info@insuremeright.ca
446,Daycare Center,Our Lady of Providence Early Learning & Child Care Centre,+1 905-791-8408,4.9,https://familydaycare.com/location/lady-providence-child-care-centre/,childcareservices@familydaycare.com; placementstudents@familydaycare.com
447,Daycare Center,PLASP Child Care Services - Springdale,+1 647-484-4372,5,https://www.plasp.com/SearchForCare?type=0&lid=&sn=Springdale+P.S.&pt=,arqueries@plasp.com; arteam@plasp.com; childcare@plasp.com; volunteering@plasp.com
450,Daycare Center,BrightPath Professor's Lake Child Care Centre,+1 905-792-7593,4.8,https://brightpathkids.com/locations/professors-lake/,careers@brightpathkids.com; enrollment@brightpathkids.com; info@brightpathkids.com
451,Daycare Center,Learning Happens Licensed Home Child Care Agency,+1 416-855-4242,5,http://learninghappenschildcare.com/,info@learninghappenschildcare.com; support@thinkflame.com
452,Daycare Center,Alpha Child Care,+1 905-458-4884,4.4,https://www.alphachildcare.ca/,info@yminds.ca
453,Daycare Center,EYES Alder Ridge Montessori Child Care,+1 905-699-2060,4.7,https://eyeschildcare.com/brampton-alder-ridge/,connect@eyeschildcare.com
454,Daycare Center,PLASP Child Care Services - Massey Street,+1 905-890-1711,5,https://www.plasp.com/SearchForCare?type=0&lid=&sn=Massey+Street+P.S.&pt=,arqueries@plasp.com; arteam@plasp.com; childcare@plasp.com; volunteering@plasp.com
455,Daycare Center,PLASP Child Care Services - Arnott Charlton,+1 647-484-4372,5,https://www.plasp.com/SearchForCare?type=0&lid=&sn=Arnott+Charlton+P.S.&pt=,arqueries@plasp.com; arteam@plasp.com; childcare@plasp.com; volunteering@plasp.com
456,Daycare Center,Springdale Learning Ctr,+1 905-790-6958,3.8,https://springdalelearningcentre.ca/,
458,Daycare Center,Smiles & Giggles Licensed Home Daycare Brampton,+1 416-833-2363,5,http://www.godaycare.com/ontario/brampton/Smiles+and+Giggles+Daycare!!+Where+Kids+can+be+Kids!!/14035/1%22%3ESmiles%20and%20Giggles%20Daycare!!%20Where%20Kids%20can%20be%20Kids!!%3C/a%3E,
459,Gym / Fitness Center,Chinguacousy Wellness Centre,+1 905-789-6111,4.4,https://www.brampton.ca/EN/residents/Recreation/Community-Centres/pages/chinguacousy-wellness.aspx,mara.lanz@brampton.ca
460,Gym / Fitness Center,The Lab Brampton,+1 647-984-5798,5,https://www.instagram.com/thelabbrampton/profilecard/?igsh=MTRldWd0dnA4bDFiNA==,
461,Gym / Fitness Center,F45 Training North Park Brampton,+1 905-792-3787,5,https://f45training.com/ca/studio/northparkbrampton/,northparkbrampton@f45training.com; northparkbrampton@f45training.com
462,Gym / Fitness Center,GoodLife Fitness Brampton Bramalea City Centre,+1 905-791-4972,4.1,https://www.goodlifefitness.com/clubs/club.58.html?utm_source=G&utm_medium=LPM&utm_campaign=GoodlifeFitness,members@goodlifefitness.com
463,Gym / Fitness Center,Crunch Fitness - Brampton,+1 289-499-3866,3.7,https://www.crunchfitness.ca/locations/brampton,info@crunchbrampton.ca; info@crunchbrampton.ca
464,Gym / Fitness Center,GoodLife Fitness Brampton Woodhill Gym,+1 905-793-5171,4.6,https://www.goodlifefitness.com/clubs/club.241.html?utm_source=G&utm_medium=LPM&utm_campaign=GoodlifeFitness,members@goodlifefitness.com
465,Gym / Fitness Center,Free Bird Gym Brampton,+1 905-459-6255,4.7,https://freebirdgym.com/,info@freebirdgym.com
467,Gym / Fitness Center,Century Gardens Recreation Centre,+1 905-874-2814,4.3,http://www.brampton.ca/EN/residents/Recreation/Community-Centres/Pages/Century-Gardens.aspx,mara.lanz@brampton.ca
468,Beauty Salon & Spa,Rubee beauty spa,+1 416-907-5700,5,https://thebeauty.ca/,info@rubeebeautyspa.com
469,Beauty Salon & Spa,Mandy's Beauty Salon and Spa - Brampton Salon,+1 647-446-2321,4.7,http://mandysbeautysalonandspa.com/,
470,Beauty Salon & Spa,Sapphire Beauty Salon and Spa,+1 416-206-5608,5,http://www.sapphirebeautysalonandspa.com/,2062d0a4929b45348643784b5cb39c36@sentry.wixpress.com; 271e9fa3230b4eec94b02bf95780f5f2@sentry.wixpress.com; 460ff4620fa44cba8df530afde949785@sentry.wixpress.com; 605a7baede844d278b89dc95ae0a9123@sentry-next.wixpress.com; 88170cb0c9d64f94b5821ca7fd2d55a4@sentry-next.wixpress.com; 8c4075d5481d476e945486754f783364@sentry.io; 8eb368c655b84e029ed79ad7a5c1718e@sentry.wixpress.com; c183baa23371454f99f417f6616b724d@sentry.wixpress.com; dd0a55ccb8124b9c9d938e3acf41f8aa@sentry.wixpress.com; ed436f5053144538958ad06a5005e99a@sentry.wixpress.com; sapphirebeautysalonandspa@gmail.com
471,Beauty Salon & Spa,Stylish Beauty Salon & Spa,+1 905-799-6696,4.5,https://stylishbeautysalonspa.com/,stylishsalonspa@yahoo.com
473,Beauty Salon & Spa,HD Beauty Salon & Spa Center,+1 905-791-8333,4.9,https://hdbeautysalon.setmore.com/,sahotahardeep1@gmail.com
474,Beauty Salon & Spa,RG Beauty Spa & Laser hair removal,+1 647-382-9982,4.9,https://www.instagram.com/reel/CnlRPAWgJGP/?igshid=YmMyMTA2M2Y=,
476,Beauty Salon & Spa,Labeautysalonandlaserclinic,+1 647-988-2910,4.9,http://labeautysalonandlaserclinic.com/,
477,Beauty Salon & Spa,Indo Canada Salon & Spa,+1 905-799-0012,4.3,https://icsalonandspa.com/,
479,Beauty Salon & Spa,Meena's Beauty Salon,+1 905-494-1894,5,https://meenasbeautysalon.com/booking/,
480,Beauty Salon & Spa,Magic Beauty Salon And Spa,+1 905-497-1995,4.5,http://magicbeautysalon.ca/,info@magicbeautysalon.ca
481,Beauty Salon & Spa,Creative Beauty Salon & Spa,+1 905-913-8788,4.6,https://creativebeautysalonandspa.ca/,
482,Optometry Clinic,Brampton Vision Centre,+1 905-794-9898,4.7,https://www.mississaugavisioncentre.com/location/brampton-vision-centre/,
483,Optometry Clinic,Thompson Optometry,+1 905-793-2020,4.8,https://www.thompsonoptometry.ca/,contact@thompsonoptometry.ca; vtadmin@thompsonoptometry.ca
484,Optometry Clinic,Image Optical | Eye Doctor & Eye Exams Brampton,+1 905-494-1880,4.9,http://www.imageoptical.ca/?utm_source=google&utm_medium=organic&utm_campaign=nm_gbp_website&utm_content=website_button,info@imageoptical.ca
485,Optometry Clinic,Eye Optical - Brampton (Airport Road),+1 905-232-6800,4.9,https://www.eyeopticalstore.com/?utm_source=google&utm_medium=organic&utm_campaign=gmb-listing,
486,Optometry Clinic,Bramalea City Centre Optometry,+1 905-497-6744,4.8,http://www.bccoptometry.com/,info@bccoptometry.com
487,Optometry Clinic,Mac & Co Eyecare,+1 905-790-3937,4.4,http://www.macandcoeyecare.com/,info@macandcoeyecare.com
488,Optometry Clinic,Bramalea City Centre Family Eye Care,+1 905-458-8819,4.5,https://bramaleacitycentrefamilyeyecare.ca/,mann_len@hotmail.com
489,Optometry Clinic,Dr. Khanna - Eye Doctor,+1 905-595-9995,4.4,http://www.drkhanna.ca/,info@drkhanna.ca
490,Optometry Clinic,Akal Optical,+1 905-792-7242,4.7,https://www.akaloptical.com/,info@akaloptical.com
491,Optometry Clinic,Kanda Optical Cottrelle,+1 905-913-9900,4.8,http://cottrelle.kandaoptical.com/,
493,Optometry Clinic,Dr. Jag Gill,+1 905-799-3514,3.8,http://www.bramaleaoptometry.com/,
494,Optometry Clinic,Carrot Eye Surgery Clinic,+1 905-822-2020,2.2,https://www.carroteye.com/,clients@carroteye.com
495,Optometry Clinic,Mahil Optometry,+1 905-454-4749,4.4,http://www.mahiloptometry.ca/,18d2f96d279149989b95faf0a4b41882@sentry-next.wixpress.com; 5d1795a2db124a268f1e1bd88f503500@sentry.wixpress.com; 605a7baede844d278b89dc95ae0a9123@sentry-next.wixpress.com; 79baaa8e09c746d2b7401643b99792e0@sentry.wixpress.com; 8eb368c655b84e029ed79ad7a5c1718e@sentry.wixpress.com; contact@mahiloptometry.ca
496,Pharmacy,North Bramalea Pharmacy,+1 905-791-2453,5,http://northbramaleapharmacy.com/,northbramalea@gmail.com
497,Pharmacy,I.D.A. - North Park Pharmacy,+1 905-450-9334,4.6,https://www.guardian-ida-remedysrx.ca/en/ontario/brampton/north-park-pharmacy-7066253,
498,Pharmacy,MyLocalRx Vantage Pharmacy,+1 905-863-2227,4.9,https://www.mylocalrx.ca/,
500,Pharmacy,I.D.A. Procare Springdale Pharmacy,+1 905-790-6800,3.7,https://www.guardian-ida-remedysrx.ca/en/ontario/brampton/procare-springdale-pharmacy-7061265?utm_source=google&utm_medium=maps&utm_campaign=local_presence,
501,Pharmacy,BramCity Pharmasave Pharmacy & Compounding Specialists,+1 905-460-0330,4.6,https://pharmasave.com/brampton-bramcity/location/,atulbadiani@hotmail.com; crystalbeachpharmacy@gmail.com; madawaskadrugs@gmail.com; pharmasave9407@gmail.com; portagepharmasave@gmail.com; ps406@email.ca
502,Pharmacy,Bramdale Guardian Pharmacy & Telemedicine Walk-in Clinic,+1 905-790-9393,4.3,https://www.guardian-ida-remedysrx.ca/en/ontario/brampton/bramdale-pharmacy-7022827,
503,Pharmacy,Ultra Med Pharmacy Ltd,+1 905-488-0083,4.7,http://www.ultramedpharmacy.com/,605a7baede844d278b89dc95ae0a9123@sentry-next.wixpress.com; c183baa23371454f99f417f6616b724d@sentry.wixpress.com; dd0a55ccb8124b9c9d938e3acf41f8aa@sentry.wixpress.com; ultramedpharmacy@gmail.com
504,Pharmacy,Brampton Hospital I.D.A. Pharmacy,+1 905-792-9998,4.6,https://www.guardian-ida-remedysrx.ca/en/ontario/brampton/brampton-hospital-i-d-d-d-a-d-pharmacy-7018440?utm_source=google&utm_medium=maps&utm_campaign=local_presence,
505,Pharmacy,RemedysRx Casstlemore West Phcy,+1 905-793-8585,3.2,https://www.guardian-ida-remedysrx.ca/en/ontario/brampton/casstlemore-west-phcy-7032950?utm_source=google&utm_medium=maps&utm_campaign=local_presence,
506,Pharmacy,I.D.A. Brampton Lifecare Pharmacy,+1 905-458-4490,5,https://www.guardian-ida-remedysrx.ca/en/ontario/brampton/brampton-lifecare-pharmacy-7047800?utm_source=google&utm_medium=maps&utm_campaign=local_presence,
507,Pharmacy,Castlemore Pharmacy PharmaChoice,+1 905-791-2550,3.6,https://www.pharmachoice.com/locations/castlemore-pharmacy/,
511,Pharmacy,Shoppers Drug Mart,+1 905-791-1797,3.8,https://www.shoppersdrugmart.ca/en/store-locator/store/693/?utm_source=G&utm_medium=lpm&utm_campaign=LPM_SDM,
512,Chiropractic Clinic,Kaur Chiropractic & Family Wellness Centre,+1 742-778-5579,4.7,https://www.kaurchiropractic.com/,info@kaurchiropractic.com
513,Chiropractic Clinic,FIT Clinic - Functional Integrity Therapies,+1 905-487-4490,4.9,http://www.fitclinic.ca/,info@fitclinic.ca
514,Chiropractic Clinic,In GoodHands Wellness,+1 905-453-5858,4.4,http://www.ingoodhandswellness.com/,admin@ingoodhandswellness.com
515,Chiropractic Clinic,Sahara Health,+1 905-225-0256,4.9,http://www.saharahealth.com/,info@saharahealth.com
516,Chiropractic Clinic,Peak Rehab,+1 647-716-3772,4.9,https://www.peakrehab.ca/,info@peakrehab.ca
517,Chiropractic Clinic,Gidda Medical Wellness,+1 905-230-3630,4.8,http://www.drgidda.com/,drgidda@gmail.com
518,Chiropractic Clinic,Executive Rehab Chiro & Physio Clinic,+1 647-930-6339,5,https://www.executiverehab.ca/,info@executiverehab.ca
519,Chiropractic Clinic,BramTop Rehab,+1 942-882-9277,5,https://www.bramtoprehab.ca/,contactbramtoprehab@gmail.com; infobramtoprehab@gmail.com
520,Funeral Home,Glendale Funeral Home & Cemetery,+1 416-679-1803,4.5,https://www.arbormemorial.ca/en/glendale.html?utm_source=google&utm_medium=organic&utm_campaign=google_my_buisness,
521,Funeral Home,New Haven Funeral Centre,+1 905-678-8922,4.8,https://thenewhavenfuneralcentre.com/,info@thenewhavenfuneralcentre.ca
522,Funeral Home,Glenview Memorial Gardens,+1 905-851-0668,4,https://www.arbormemorial.ca/en/glenview.html?utm_source=google&utm_medium=organic&utm_campaign=0701_glenview_google-my-business,
523,Funeral Home,Queen of Heaven Catholic Cemetery & Funeral Home,+1 905-851-5822,4.5,https://www.catholic-cemeteries.ca/cemeteries/queen-of-heaven-catholic-cemetery/,
524,Funeral Home,Lotus Funeral and Cremation Centre Inc.,+1 647-547-8188,4.4,http://www.lotusfuneralandcremation.com/,info@lotusfuneralandcremation.com
525,Funeral Home,Newediuk Funeral Home - Kipling Chapel,+1 416-745-7555,4.7,http://www.newediukfuneralhome.com/,infoaroymiller@newediukfuneralhome.com; infonewediuk@newediukfuneralhome.com
526,Funeral Home,The Simple Alternative Funeral Centres - Mississauga,+1 905-602-1580,4.9,https://www.mountpleasantgroup.com/locations/simple-alternative-mississauga,clientfeedback@mountpleasantgroup.com
527,Funeral Home,MacKinnon and Bowes,+1 416-465-7508,4.6,https://www.mackinnonandbowes.com/,info@mackinnonbowes.com; info@mackinnonbowes.com
528,Funeral Home,Bitu's Pet Cremation Services,+1 647-969-2488,5,https://bituspetcremationservices.com/,605a7baede844d278b89dc95ae0a9123@sentry-next.wixpress.com; 8eb368c655b84e029ed79ad7a5c1718e@sentry.wixpress.com; bituspetcremationservices@gmail.com
529,Auto Dealership,AutoPlanet Brampton,+1 905-459-0699,4.7,https://www.autoplanet.ca/,hhernandez@convertus.com; jane@gmail.com; nom@exemple.com
530,Auto Dealership,5911 Car Sales,+1 613-451-5911,4.7,http://5911carsales.ca/,gurpreetsgill97@gmail.com
531,Auto Dealership,AutoPark Brampton,+1 905-451-2030,4.6,https://www.autoparkbrampton.ca/en?utm_source=google_local&utm_medium=organic,
532,Private School / Tutoring,Learna-Brampton Springdale,+1 905-458-4385,4.9,http://www.learnabrampton.com/,bramptonlearna@gmail.com; info@learnabrampton.com
533,Private School / Tutoring,EQUEST,+1 905-494-9994,4.9,https://www.equest.ca/,2062d0a4929b45348643784b5cb39c36@sentry.wixpress.com; 271e9fa3230b4eec94b02bf95780f5f2@sentry.wixpress.com; 460ff4620fa44cba8df530afde949785@sentry.wixpress.com; 605a7baede844d278b89dc95ae0a9123@sentry-next.wixpress.com; 79baaa8e09c746d2b7401643b99792e0@sentry.wixpress.com; 88170cb0c9d64f94b5821ca7fd2d55a4@sentry-next.wixpress.com; 9a65e97ebe8141fca0c4fd686f70996b@sentry.wixpress.com; ed436f5053144538958ad06a5005e99a@sentry.wixpress.com; info@sktutoring.ca
534,Private School / Tutoring,Oxford Learning Brampton Springdale,+1 647-360-6947,5,https://oxfordlearning.com/locations/brampton-springdale-tutoring/,
535,Private School / Tutoring,A+ PRIVATE TUTORING,+1 647-921-4804,5,https://aplusprivatetutoring.my.canva.site/,zentul@gmail.com
536,Private School / Tutoring,EduSmile Learning,+1 905-458-3337,4.9,http://www.edusmilelearning.ca/,info@edusmilelearning.ca
537,Private School / Tutoring,Premium Tutoring & Computer Training Ltd / Premium Institute of Excellence( An Ontario Private Online / Onsite High School),+1 647-938-4896,5,http://premium-institute.com/,
538,Private School / Tutoring,Megamind Learning Centre - Bramalea Road,+1 905-586-6463,4.9,https://megamindlearning.com/brampton-bramalea-campus.html,
539,Private School / Tutoring,Brampton Learna,+1 905-791-1222,4.9,http://www.bramptonlearna.com/,info@bramptonlearna.com; info@stylemixthemes.com
540,Private School / Tutoring,Learner's Hub,+1 437-980-3311,5,https://www.thelearnershub.ca/,learnershub2019@gmail.com
542,Private School / Tutoring,R & S Learning,+1 647-865-3276,5,http://rslearning.ca/,
543,Dental Clinic,Benipal Dental,+1 905-499-0404,4.7,https://www.benipaldental.ca/,info@benipaldental.ca
544,Dental Clinic,Bramcountry Dental,+1 905-793-5151,4.7,http://bramcountrydental.com/,
545,Dental Clinic,Dr. Pawandeep Kahlon | Torbram & Countryside Dental,+1 905-497-7400,4.6,https://www.drpkahlon.com/,info@drpkahlon.com; staffdrpkahlon@gmail.com
546,Dental Clinic,Springdale Dental Centre,+1 905-458-1212,4.9,https://springdaledental.com/,
547,Dental Clinic,Vibrant Smiles Dental Care,+1 289-801-5252,4.9,https://www.vsdcare.ca/,info@vsdcare.ca
548,Dental Clinic,Brampton Smiles,+1 905-793-8668,4.9,https://bramptonsmiles.com/,info@bramptonsmiles.com
549,Dental Clinic,Sandalwood smiles Dentistry,+1 905-494-0025,4.7,http://www.sandalwoodsmilesdentistry.com/,info@sandalwoodsmilesdentistry.com
550,Dental Clinic,Father Tobin Dentistry | Dr. Karanbir Pannu | Dr. Surinder Khurana | New Patients Welcome!,+1 905-494-1212,4.9,https://www.fathertobindentistry.com/,info@fathertobindentistry.com
551,Dental Clinic,North Bramalea Dental,+1 905-793-5900,5,https://www.northbramaleadental.com/?utm_source=google&utm_medium=organic&utm_campaign=gbp,
552,Dental Clinic,Braydon Dental Care,+1 905-799-9907,4.8,https://braydondentalcare.com/?utm_source=google&utm_content=gbp,contact@braydondentalcare.com
553,Dental Clinic,Flower City Dental,+1 905-792-2773,5,http://www.castlemoredental.ca/,dental22731@outlook.com; dental22732@outlook.com; dental22733@outlook.com; dental22734@outlook.com; dental22735@outlook.com; dental22736@outlook.com; dental22737@outlook.com; dental2278@outlook.com
554,Dental Clinic,Dewside Dental,+1 905-789-7577,4.9,http://dewsidedental.com/,dewside_dentistry@yahoo.com
555,Dental Clinic,Prima Dental,+1 905-494-0021,4.4,http://www.primadental.ca/,info@primadenta.ca; info@primadental.ca
556,Medical Center,WELL Health Medical Centres - Northpoint,+1 905-792-0074,2.5,https://wellclinics.ca/ontario/brampton/northpoint-whmc/,
557,Medical Center,Springdale Medical Centre,+1 905-793-8868,2.4,http://www.springdalemedicalcentre.ca/,springdalemedical@gmail.com; springdalemedicalpb@gmail.com
558,Medical Center,Inspire Medical Clinic,+1 905-799-9997,3.6,https://inspire.cortico.ca/book/,edf672e8b252555a68b79ad3462373cd@sentry.cortico.cc
560,Medical Center,Countryside Medical Centre and Pharmacy,+1 905-497-3515,4.2,https://countrysidemedical.ca/,
561,Medical Center,B&C Urgent Care & Walk-In Medical Centre,+1 289-569-0124,3.5,http://www.bncurgentcare.com/,
562,Medical Center,Healthline Medical Centre,+1 905-790-5400,2.4,https://healthlinewalkincl.wixsite.com/welcome,healthlinewalkinclinic@gmail.com; healhlinewalkinclinic@gmail.com; healthlinewalkinclinic@gmail.com; healhlinewalkinclinic@gmail.com
564,Medical Center,Healthline Medical Centre ( Yellow avens),+1 905-789-9100,2.3,https://healthlinewalkincl.wixsite.com/welcome,healthlinewalkinclinic@gmail.com; healhlinewalkinclinic@gmail.com; healthlinewalkinclinic@gmail.com; healhlinewalkinclinic@gmail.com
565,Medical Center,Pulse Urgent Care Centre,+1 289-801-8999,3.1,https://www.pulseucc.com/?utm_source=google&utm_medium=organic&utm_campaign=gmblisting,
566,Medical Center,LifeCare Medicentre (new physician accepting new patients and walk-ins),+1 905-458-8233,2.6,https://ocean.cognisantmd.com/online-booking/406cd95d-a504-48eb-8ecb-a35abd9d4596,
567,Medical Center,William Osler Health System - Brampton Civic Hospital,+1 905-494-2120,2.1,http://www.williamoslerhs.ca/,
568,Medical Center,Brampton Urgent Care Centre,+1 905-799-2722,2.4,http://www.urgentcarecentre.ca/,info@urgentcarecentre.ca
569,Medical Center,Camps Health and Rehabilitation Clinic Inc.,+1 437-410-2267,5,https://acm.caserm.app/online-booking/402/select-activity/activities,info@campshealthclinic.com; info@campshealthclinic.com
570,Medical Center,Ultra-Modern Medical Inc.,+1 905-452-0015,1.8,https://ultramodernmedical.com/,
571,Physiotherapy Clinic,Ruhani Physio & Wellness,+1 905-488-0585,4.9,https://ruhaniphysio.com/,info@ruhaniphysio.com
573,Physiotherapy Clinic,Mayfield physio and sports rehab,+1 905-913-5544,4.9,https://mayfieldphysio.ca/,mayfieldphysio@gmail.com
574,Physiotherapy Clinic,Altum Health,+1 905-458-9118,4.8,http://www.altumhealth.com/,altumhealthreferrals@uhn.ca; medlegal.assessments@uhn.ca
575,Physiotherapy Clinic,Inspire massage and fitness clinic,+1 905-793-3226,4.8,http://www.inspiremassageandfitnessclinic.com/,inspiremassage@outlook.com
576,Physiotherapy Clinic,Dusk Physiotherapy,+1 289-801-8999 ext. 3,5,https://www.duskphysiotherapy.ca/physiotherapist-bramalea-road/?utm_source=GBP&utm_medium=organic,bg-our-philosophy@2x.jpg; bg-our-services@2x.jpg; faq-questions@2x.jpg; img-hero-banner@2x.jpg
577,Physiotherapy Clinic,Castlemore Advanced Therapeutics,+1 905-794-9922,4.9,https://catherapeutics.com/?utm_source=google-business&utm_medium=website&utm_campaign=castlemore-advanced-therapeutics,castlemorefrontdesk@gmail.com
579,Physiotherapy Clinic,Regain Rehab Centre,+1 905-793-9993,4.9,https://www.regainrehab.com/,info@regainrehab.com
580,Veterinary Clinic,Lacoste Animal Hospital Brampton,+1 905-913-8888,4.6,https://lacosteanimalhospital.ca/,petcare@lacosteanimalhospital.ca; petcare@lacosteanimalhospital.ca
582,Veterinary Clinic,The Cat Hospital Of Brampton,+1 905-495-4228,4.5,http://cathospitalofbrampton.com/,staff@cathospitalofbrampton.com
583,Law Firm,Vashishtha Law Office,+1 905-915-7786,4.8,http://www.vashishthalaw.ca/,office@vashishthalaw.ca; rajesh@vashishthalaw.ca
584,Law Firm,Madanjit Walia Law Office,+1 905-459-5117,3,https://mwalialaw.com/,info@mwalialaw.com
585,Law Firm,Bajaj Law Professional Corporation,+1 905-789-8833,5,http://www.bajajlawyers.com/,
586,Law Firm,GPS Criminal Law Firm,+1 647-972-3555,5,https://gpslawfirm.ca/,gps@gpslawfirm.ca
587,Law Firm,K J Law Professional Corporation,+1 416-854-8713,4.8,http://kjlawprofessional.ca/,kamaljitlawoffice@gmail.com
588,Law Firm,Justice Shield Law Professional Corporation,+1 416-917-2562,4.9,https://www.jslpc.ca/,info@jslpc.ca
589,Law Firm,S S Loomba Law Professional Corporation,+1 647-917-1707,4.9,http://www.ssloombalaw.ca/,info@ssloombalaw.ca
590,Law Firm,Thind Law P.C.,+1 416-357-5700,4.7,https://thindlaw.ca/,info@thindlaw.ca
591,Law Firm,Dhasi Law Professional Corporation,+1 647-509-6952,4.9,https://www.dhasilaw.com/,info@dhasilaw.com
592,Law Firm,Mann Law Firm,+1 905-799-9333,4.1,http://www.mannlawfirm.ca/,
593,Accounting Office,Tax Return Filers,+1 647-483-1727,5,https://taxreturnfilers.com/,narinder@taxreturnfilers.com; support@taxreturnfilers.com; umar@taxreturnfilers.com; waqar@taxreturnfilers.com
595,Accounting Office,Eccountant,+1 905-793-9599,4.9,https://eccountant.ca/,info@eccountant.ca
597,Real Estate Agency,Best Commercial Real Estate Agent Brampton German Sandhu Realtor,+1 905-757-1313,5,https://germansandhu.ca/,info@germansandhu.ca; sandhuhomes1313@gmail.com
599,Real Estate Agency,"PARAMSURI , BROKER ( KING REALTY BROKERAGE INC.)",+1 647-280-7874,5,http://paramsuri.com/,
600,Real Estate Agency,Rupinder Tiwana - Real Estate Agent - Homelife Silvercity,+1 647-458-5070,,https://tiwanahomes.ca/,tiwana.realtor@gmail.com
601,Real Estate Agency,"Avtar Singh, Homelife Silvercity Realty Inc.",+1 647-782-8185,5,http://www.avtarsingh.ca/,
602,Real Estate Agency,Captain Real Estate Ltd.,+1 416-848-2000,3.9,https://captainrealestate.ca/,info@captainrealestate.ca; info@captainrealestate.ca
603,Real Estate Agency,Rocky Matharoo Real Estate Group,+1 647-821-2801,4.8,http://rockysellsgta.com/,
604,Real Estate Agency,Satinder Mangat | Leading Real Estate Expert | Top Rated,,5,https://satindermangat.ca/,
605,Real Estate Agency,Rocky Saini - Re/Max Gold Realty Inc.,+1 647-770-1567,5,http://www.rockysaini.com/,
606,Real Estate Agency,Team Sukhvinder Re/Max,+1 416-894-6030,4.9,http://www.teamsukhvinder.com/,
607,Real Estate Agency,Best Realtor in Brampton | Sale and Purchase of Homes | Top Home Sellers,+1 647-333-5143,5,http://tophomesellers.ca/,
610,Insurance Agency,Diamond Insurance Group Inc & Diamond Financial Group,+1 905-951-0029,4.5,http://diamondinsurancegroup.ca/,info@dig.insure
611,Insurance Agency,CHARAN S RAI INSURANCE BROKER,+1 416-400-9997,4.3,https://raiinsurance.ca/about/,csrai7@gmail.com; info@basictheme.com
614,Daycare Center,Learning Happens Home Child Care Agency,+1 416-855-4242,5,http://learninghappenschildcare.com/,info@learninghappenschildcare.com; support@thinkflame.com
615,Daycare Center,Little Galaxy Childcare & Montessori,+1 905-247-5507,4.9,https://littlegalaxycc.com/,20bradford@littlegalaxycc.com; 20bramptongore@littlegalaxycc.com; 20hensall@littlegalaxycc.com; bradford@littlegalaxycc.com; bramptongore@littlegalaxycc.com; hensall@littlegalaxycc.com
616,Daycare Center,Learning Happens Licensed,+1 416-855-4242,4.5,https://learninghappenschildcare.com/,info@learninghappenschildcare.com; support@thinkflame.com
617,Daycare Center,Brampton Great Lakes YMCA Before and After School Program,+1 289-971-0052,3.3,https://www.ymcagta.org/find-a-y/brampton-great-lakes-ymca-before-and-after-school-program,memberservices@ymcagta.org
618,Gym / Fitness Center,GoodLife Fitness Brampton Mayfield and Bramalea,+1 905-791-7135,4.1,https://www.goodlifefitness.com/clubs/club.340.html?utm_source=G&utm_medium=LPM&utm_campaign=GoodlifeFitness,members@goodlifefitness.com
619,Gym / Fitness Center,Elevate Nation - Athletic Training Studio,+1 647-575-1148,5,https://www.elevate-nation.com/,460ff4620fa44cba8df530afde949785@sentry.wixpress.com; 605a7baede844d278b89dc95ae0a9123@sentry-next.wixpress.com; 88170cb0c9d64f94b5821ca7fd2d55a4@sentry-next.wixpress.com; 8c4075d5481d476e945486754f783364@sentry.io; 98b21aa53d68482b8414e892d9af0e5f@sentry-next.wixpress.com; 9a65e97ebe8141fca0c4fd686f70996b@sentry.wixpress.com; c183baa23371454f99f417f6616b724d@sentry.wixpress.com; dd0a55ccb8124b9c9d938e3acf41f8aa@sentry.wixpress.com; info@elevate-nation.com
620,Gym / Fitness Center,Universal Barbell,+1 647-922-5714,4.9,https://universalbarbell.com/,
622,Beauty Salon & Spa,Outlook Salon & Spa - Barbershop Brampton,+1 905-792-1484,4.7,http://www.outlooksalon.ca/,outlooksalon.ca@gmail.com
623,Beauty Salon & Spa,New Style Salon & Spa,+1 905-793-7177,4.1,https://www.instagram.com/new_style_salon_and_spa?igsh=MWtzZDQyZXZjYm0zZg==,
627,Beauty Salon & Spa,Beauty Palace Salon Spa And Laser,+1 905-794-8084,4.5,http://beautypalacesalon.ca/,info@beautypalacesalon.ca
628,Beauty Salon & Spa,Kreative Kuts Salon & Spa,+1 905-790-8000,4.1,https://www.facebook.com/Kreativekuts/,dev7561@gmail.com
629,Optometry Clinic,Inspire Vision Care - Dr Patel Optometrist & Optical,+1 289-505-1205,4.9,http://www.inspirevisioncare.com/,info@inspirevisioncare.ca; reception@ovdc.ca
630,Optometry Clinic,OJO Optical,+1 905-793-5866,4.8,https://ojooptical.com/booknow,contact@ojooptical.com
631,Optometry Clinic,Purba Vision,+1 905-789-5600,4.3,http://www.purbavision.com/,service@purbavision.com
633,Optometry Clinic,Springdale Eyewear,+1 905-487-0161,4.8,http://www.springdaleeyewear.ca/,springdaleeyewear@gmail.com
635,Optometry Clinic,I Optical eye,+1 905-794-2011,4.5,https://www.eyeoptical.ca/,
636,Optometry Clinic,"Akal Optical, Optometrist & Optician",+1 905-794-6300,5,https://www.akaloptical.com/lp/lp-lacoste-blvd,info@akaloptical.com
637,Pharmacy,I.D.A. B & C PHARMACY,+1 289-569-0125,4.9,https://www.guardian-ida-remedysrx.ca/en/ontario/brampton/b-a-c-pharmacy-7029700?utm_source=google&utm_medium=maps&utm_campaign=local_presence,
638,Pharmacy,Health Solutions Plus Remedy'sRx,+1 905-789-1003,4.3,https://www.guardian-ida-remedysrx.ca/en/ontario/brampton/health-solutions-plus-remedysrx-7024790?utm_source=google&utm_medium=maps&utm_campaign=local_presence,
639,Pharmacy,Father Tobin Pharmacy,+1 905-793-3510,4,http://www.mylocalrx.ca/,
640,Pharmacy,Pharmasave Springdale Bovaird,+1 905-595-4968,4.5,https://pharmasavebovairdspringdale.com/,
642,Chiropractic Clinic,CAMP Health and Wellness,+1 437-410-2267,5,https://camphealth.ca/,
643,Funeral Home,Flowers by Fortinos,+1 905-793-8200,4.5,https://www.fortinosflowers.ca/find-your-location?utm_source=G&utm_medium=LPM&utm_campaign=Loblaws,
644,Funeral Home,Loflin Funeral Home & Cremation Service,+1 336-824-2386,4.8,http://www.loflinfuneralservice.com/,info@loflinfuneralservice.com; loflinfuneralhome@embarqmail.com
645,Funeral Home,Ridge Funeral Home & Cremation Service,+1 336-626-2115,4.6,http://www.ridgefuneralhome.com/,ridge@ridgefuneralhome.com
646,Funeral Home,Swartz Family Community Mortuary,+1 317-738-0202,4.8,https://www.swartzmortuary.com/obits,jeff@swartzmortuary.com; jeff@swartzmortuary.com
647,Funeral Home,"Szal Funeral Home, Inc.",+1 412-331-9713,5,https://www.szalfuneralhome.com/,info@szalfuneralhome.com; michael@szalfuneralhome.com; mpffd@icloud.com; mpffd@me.com; zoe@szalfuneralhome.com
648,Funeral Home,Novel Transport Inc.,+1 416-617-3308,5,http://noveltransport.ca/,info@noveltransport.ca
649,Auto Dealership,Legacy Motors,+1 416-923-2959,4.8,http://www.legacymotors.ca/,
650,Auto Dealership,Big Bull Motors,+1 437-440-5400,4.8,https://www.bigbullmotors.ca/,info@bigbullmotors.ca
651,Private School / Tutoring,"Computer Science, Programming, Coding Online Tutor- By Dr. Gurinderjeet Kaur",+1 226-232-4191,5,https://www.thecomputersciencetutor.com/,gkcstutor@gmail.com; gkcstutor@gmail.com
653,Dental Clinic,Avondale Dental,+1 905-793-7277,4.8,http://www.avondaledental.ca/,info@avondaledental.ca
654,Dental Clinic,Altima Bramalea Dental Centre,+1 905-793-2522,4.6,https://altimabramaleadental.com/?utm_source=GMB_Listing&utm_medium=organic&utm_campaign=GMB,bramalea@altima.ca; bramalea@altima.ca
655,Dental Clinic,BramCare Dental Centre,+1 905-793-8177,4.2,https://www.bramcaredental.com/,bramcare321@gmail.com
656,Dental Clinic,Bramptonccd,+1 905-799-6333,4.7,https://www.bramptonccd.com/,info@bramptonccd.com
657,Dental Clinic,Magnolia Dental Brampton,+1 905-581-3883,5,https://magnoliadentalbrampton.ca/,info@magnoliadentalbrampton.ca; info@magnoliadentalbrampton.ca
658,Dental Clinic,AXIS Dental,+1 905-452-7111,4.2,https://www.axisdental.ca/?utm_source=GMB_Listing&utm_medium=organic&utm_campaign=GMB,info@drpapneja.com
659,Dental Clinic,Omni Dental,+1 905-791-4441,4.9,http://omnidental.ca/,
660,Dental Clinic,Brampton Dental Care,+1 905-796-8838,4.3,https://bramptondentalcare.ca/?nocache=1,bramptondentalcare@gmail.com
661,Dental Clinic,BCC DENTAL CLINIC,+1 905-724-8686,4.8,https://bccdental.ca/,bramaleadental@gmail.com
663,Medical Center,Bramalea Community Health Centre(Wellfort Community Health Services),+1 905-451-6959,4,https://www.wellfort.ca/,Kimberley.Floyd@wellfort.ca; info@wellfort.ca; finance@wellfort.ca
664,Medical Center,Healthpoint Family Medicine and Walk-in,+1 905-792-6500,2.6,http://healthpointmedicine.ca/,ealvarado@healthpointmedicine.ca; lionhead@healthpointmedicine.ca; office@healthpointmedicine.ca; remembrance@healthpointmedicine.ca; sandalwood@healthpointmedicine.ca
667,Medical Center,Finchlea Medical Centre,+1 905-792-6500,2.9,https://healthpointmedicine.ca/,ealvarado@healthpointmedicine.ca; lionhead@healthpointmedicine.ca; office@healthpointmedicine.ca; remembrance@healthpointmedicine.ca; sandalwood@healthpointmedicine.ca
670,Medical Center,Toronto Metropolitan University School of Medicine,,4.3,https://www.torontomu.ca/school-of-medicine/,tulrich@torontomu.ca; medicine@torontomu.ca; tulrich@torontomu.ca; medicine@torontomu.ca
672,Medical Center,Gateway Medical Clinic,+1 905-799-0096,3.9,http://gatewayclinic.ca/,
673,Physiotherapy Clinic,Bramalea Physiotherapy & Wellness Centre,+1 905-792-7757,4.9,https://www.bramaleaphysio.com/,info@bramaleaphysio.com; info@bramaleaphysio.com
674,Physiotherapy Clinic,Axiom Physiotherapy and Rehabilitation,+1 905-595-1001,4.9,https://www.axiomphysio.com/,contact@axiomphysio.com
675,Physiotherapy Clinic,Activa Clinics - Brampton,+1 905-791-7911,4.7,https://www.activaclinics.com/location/brampton/,intake@activaclinics.com
676,Physiotherapy Clinic,Health Plus Physiotherapy Clinic,+1 905-230-4673,5,http://healthplustherapy.com/,
677,Physiotherapy Clinic,Vital Care Physiotherapy,+1 905-460-8808,5,https://www.vitalcarephysiotherapy.com/,vitalcarephysio@gmail.com
679,Physiotherapy Clinic,Healing Vision Physio & Rehab,+1 905-487-0409,4.9,http://healingvision.ca/,
680,Veterinary Clinic,Derrydale Animal Hospital,+1 905-454-1600,4.7,https://derrydaleanimalhospital.ca/,605a7baede844d278b89dc95ae0a9123@sentry-next.wixpress.com; derrydalehospital@gmail.com
681,Veterinary Clinic,Hofmann Veterinary Clinic,+1 416-675-1790,4.8,https://vet4pet.ca/,hvc.vet@gmail.com
682,Veterinary Clinic,Malton Veterinary Services,+1 905-678-2929,4.6,https://maltonveterinaryservices.com/,maltonvet@rogers.com
684,Law Firm,Kaur Law Professional Corporation,+1 905-454-0099,4.7,http://www.kaurlaw.com/,rcp@kaurlaw.com
685,Law Firm,Dullet Law Firm,+1 647-929-5628,4.5,http://www.dulletlaw.com/,aman@dulletlaw.com
686,Law Firm,Dhillon Law Office,+1 416-997-4880,4.8,http://dhillonlawoffice.ca/,
687,Law Firm,Ahuja Law Professional Corporation,+1 647-963-0075,5,http://www.ahujalawpc.ca/,
688,Law Firm,Vyas Law Office,+1 416-601-3676,4.9,https://www.vyaslaw.ca/,info@vyaslaw.ca
689,Law Firm,Grewal Defence Law Professional Corporation,+1 647-327-1469,4.6,https://grewaldefence.ca/,grewaldefence@gmail.com
690,Law Firm,Aggarwal law,+1 416-613-0414,4.8,https://aggarwallaw.ca/,info@aggarwallaw.ca
691,Law Firm,Thind Law Enterprise Professional Corporation,+1 647-567-5218,5,https://www.tlepc.ca/,info@tlepc.ca
692,Law Firm,Lakhwinder Sandhu Law Firm PC,+1 416-904-5555,4.8,https://sandhu-law.ca/,lawcrim@gmail.com; lawyersandhu@gmail.com; lslawfirmpc@gmail.com
693,Law Firm,MoreLaw I More Law Professional Corporation 🏽‍ ️ 🏽‍ ️,+1 416-889-9200,5,http://www.morelaw.ca/,info@morelaw.ca
694,Law Firm,Supriya Chadha Law Professional Corporation,+1 289-499-2584,5,https://supriyachadha.com/,info@supriyachadha.com; info@supriyachadha.com
695,Accounting Office,ASHWANI SOOD CPA,+1 905-799-4660,4.9,http://ashwanisood.com/,aksood@ashwanisood.com; impallari@gmail.com
696,Accounting Office,AnalytIQ Accounting,+1 905-226-3166,5,http://www.analytiqaccounting.com/,
697,Accounting Office,MEEDA ACCOUNTING PROFESSIONAL CORPORATION,+1 905-783-5380,5,https://www.meedacpa.com/,info@meedacpa.com
698,Accounting Office,City Accounting & Tax Services,+1 416-300-6096,4.6,http://www.cityaccountingservice.ca/,info@cityaccountingservice.ca
699,Accounting Office,MZA CPA - Brampton Office,+1 437-424-9767,5,https://www.mzacpa.ca/,info@mzacpa.ca
700,Accounting Office,Birdi Chartered Professional Accountant,+1 905-499-3610,5,https://www.birdi.ca/,gbirdi@birdi.ca; name@company.com; wordpress@birdi.ca
701,Accounting Office,RISE CPA LLP,+1 647-847-1000,5,https://www.risecpallp.ca/,18d2f96d279149989b95faf0a4b41882@sentry-next.wixpress.com; 5d1795a2db124a268f1e1bd88f503500@sentry.wixpress.com; 605a7baede844d278b89dc95ae0a9123@sentry-next.wixpress.com
702,Accounting Office,Facile Fintax,+1 905-452-9991,5,https://facilefintax.ca/,
703,Accounting Office,GIRN ACCOUNTING SERVICES,+1 905-799-6292,4.8,http://www.girnaccounting.com/,
704,Accounting Office,"Wadehra Professional Corporation, CPA CA",+1 905-790-0657,4.9,http://wadehrapc.ca/,info@wadehrapc.ca
705,Real Estate Agency,Kiran Brar ( Broker) With RE/MAX Realty Services Inc. Brampton,+1 416-508-9940,4.9,https://www.homesbykiranbrar.ca/,
706,Real Estate Agency,"RE/MAX Realty Specialists Inc., Brokerage Brampton Branch",+1 905-456-3232,3.5,http://www.remaxspec.on.ca/,leads@remaxspec.on.ca
707,Real Estate Agency,"NAVPREET BHOGAL-GTA Rent, Buy, Sell and Invest Real Estate Broker Creating Wealth Through Real Estate",+1 647-937-3839,4.9,http://www.navpreetbhogal.com/,
708,Real Estate Agency,Realtor Vik Tomar,+1 647-629-6499,5,http://viktomar.ca/,realtorviktomar@gmail.com
709,Real Estate Agency,MyLocalRealtors By Rav Sarai,+1 647-637-0506,5,https://mylocalrealtors.ca/,ravsarai.realtor@gmail.com
710,Real Estate Agency,Harman Sangha Realtor : Re/max Gold,+1 416-953-0547,5,https://www.harman.homes/,hsangha@live.ca
711,Real Estate Agency,Sonia Singh,+1 647-886-4642,5,http://www.soniasinghrealestate.com/,
712,Real Estate Agency,Paramjit Soor,+1 647-985-4535,4.8,http://www.paramjitsoor.com/,
713,Insurance Agency,Titan Insurance Brokers Inc.,+1 905-799-9942,4.4,http://www.titaninsurance.ca/,605a7baede844d278b89dc95ae0a9123@sentry-next.wixpress.com; 8eb368c655b84e029ed79ad7a5c1718e@sentry.wixpress.com; info@titaninsurance.ca
714,Insurance Agency,Aaxel Insurance Brokers Ltd,+1 905-362-8080,4.5,https://www.aaxel.ca/,
715,Insurance Agency,Kamal Insurance,+1 647-922-5554,4.9,http://www.kamalkaur.ca/,kamalinsurance9@gmail.com
716,Insurance Agency,Wohlstand Financial,+1 416-831-1961,5,https://wohlstandfinancial.com/,info@wohlstandfinancial.com
717,Insurance Agency,Simran Saini - Allkind Insurance,+1 416-994-7272,4.7,http://www.allkindinsurance.com/,allkindinsuranceinc@gmail.com
718,Insurance Agency,Sound Insurance Brokers,+1 905-794-3337,4.6,https://www.soundinsurance.ca/,info@soundinsurance.ca
719,Insurance Agency,MS Insurance Inc- Rajat Gupta / Affordable Super Visa & Travel Insurance in Canada,+1 416-427-8585,4.9,https://ms-insurance.ca/,info@ms-insurance.ca
721,Daycare Center,Brampton Central Park Dr. YMCA Child Care Centre,+1 905-793-5970,4,https://www.ymcagta.org/find-a-y/brampton-central-park-dr-ymca-child-care-centre,memberservices@ymcagta.org
722,Daycare Center,Children's Choice Daycare,+1 905-789-1716,4.8,http://www.childrenschoicedaycare.ca/,childrenschoice@rogers.com; childrenschoice@rogers.com
723,Daycare Center,Giant Leap Kids - Open till Midnight On Weekdays and 11 PM On Weekend,+1 647-367-9321,4.5,https://www.giantleapkids.com/,wecare@giantleapkids.com
724,Daycare Center,Brampton Howden Blvd. YMCA Child Care Centre,+1 905-454-9529,5,https://www.ymcagta.org/find-a-y/brampton-howden-blvd-ymca-child-care-centre,memberservices@ymcagta.org
725,Daycare Center,Mini-Skool 'A Child's Place' Inc.,+1 905-792-2230,4.1,https://www.mini-skool.ca/,bramalea@mini-skool.ca; brampton@mini-skool.ca; bromsgrove@mini-skool.ca; cawthra@mini-skool.ca; richmondhill@mini-skool.ca
726,Daycare Center,Akal Child Care,+1 905-913-7333,4.8,http://www.akalchildcare.ca/,
728,Daycare Center,Le Petit Kangaroo Child Care Education Centre,+1 905-216-2024,5,http://www.lpkangaroo.ca/,
729,Gym / Fitness Center,Sultan Fitness 02,+1 905-226-8157,5,https://sultanfitness02.com/,sultanfitness12@gmail.com
730,Gym / Fitness Center,Earnscliffe Recreation Centre,+1 905-792-2224,4.2,http://www.brampton.ca/EN/residents/Recreation/Community-Centres/Pages/Earnscliffe.aspx,mara.lanz@brampton.ca
732,Beauty Salon & Spa,The Aura salon Spa & Laser,+1 905-226-0047,4.9,https://theaurasalon.ca/,theaura4you@gmail.com
733,Beauty Salon & Spa,Luxe Salon and spa,+1 905-970-9956,4.8,https://www.luxesalonandspa.ca/,luxesalon87@gmail.com
734,Beauty Salon & Spa,"Beauty By Meet - Salon, Spa & Laser | Bridal Makeup & Hair | Beauty Academy",+1 905-799-6444,4.6,http://www.beautybymeet.com/,
735,Optometry Clinic,LensCrafters,+1 905-458-9918,4.8,https://local.lenscrafters.com/canada/on/brampton/25-peel-centre-drive.html?cid=yext_0962&y_source=1_MTIyMDI4NC03MTUtbG9jYXRpb24ud2Vic2l0ZQ%3D%3D,
736,Optometry Clinic,Dr. J. Deol & Associates Family Eye Care,+1 905-913-1109,4.9,https://www.drdeolfamilyeyecare.com/,
737,Optometry Clinic,Prism Dry Eye Clinic (formerly eyeLABS Optometry),+1 905-456-9333,4.2,http://eyelabs.ca/,
738,Optometry Clinic,Clarity Eye Brampton,+1 416-663-3937,2.4,https://clarityeye.ca/,info@clarityeye.ca
740,Optometry Clinic,Riverstone Eye Care,+1 905-915-9255,4.9,https://riverstoneeyecare.com/,info@riverstoneeyecare.com; info@riverstoneeyecare.com
741,Pharmacy,Kings Cross Pharmacy,+1 905-799-1788,3.2,https://www.pharmachoice.com/locations/kingscross-pharmacy/,
742,Pharmacy,Pharmasave Kensington Pharmacy,+1 905-792-3100,4.5,https://pharmasave.com/brampton-kensington,atulbadiani@hotmail.com; crystalbeachpharmacy@gmail.com; madawaskadrugs@gmail.com; pharmasave9407@gmail.com; portagepharmasave@gmail.com; ps406@email.ca
743,Pharmacy,Guardian Southgate Pharmacy,+1 905-790-8860,4.1,https://www.guardian-ida-remedysrx.ca/en/ontario/brampton/southgate-pharmacy-7003574?utm_source=google&utm_medium=maps&utm_campaign=local_presence,
744,Pharmacy,Pharmasave,+1 905-451-3644,4.4,http://www.pharmasavebramqueen.com/contactus.html,info@pharmasavebramqueen.com; info@pharmasavebramqueen.com
745,Pharmacy,Walmart Pharmacy,+1 905-793-9248,2.9,https://www.walmart.ca/en/cp/pharmacy-services-near-me/6000203002153?utm_source=local&utm_medium=listings&utm_campaign=ph&cmpid=gmb,cacustrel@wal-mart.com; help@customercare.walmart.com; support-cacustrel@wal-mart.com
746,Pharmacy,Metro Pharmacy,+1 905-793-0600,4.7,http://www.metro.ca/find-a-store/details.en.html?id=322&utm_source=G&utm_medium=local&utm_campaign=google-local,
747,Pharmacy,MedBox Rx Compounding Pharmacy,+1 905-451-4888,5,http://medboxpharmacy.ca/,better@medboxpharmacy.ca; info@medboxpharmacy.ca; info@stouffvilleapothecary.com; stockyards@medboxpharmacy.ca
749,Pharmacy,Pharmasave Maritime Pharmacy,+1 905-800-3200,5,https://pharmasave.com/brampton-maritime,atulbadiani@hotmail.com; crystalbeachpharmacy@gmail.com; madawaskadrugs@gmail.com; pharmasave9407@gmail.com; portagepharmasave@gmail.com; ps406@email.ca
751,Pharmacy,SaveOnRx Howden Pharmacy,+1 905-497-1170,4.6,https://howdenmedicalclinic.com/saveonrx/,info@howdenmedicalclinic.com
752,Pharmacy,"VANROSE PHARMACY & MEDICAL CENTER AT GOREWAY DRIVE, BRAMPTON",+1 289-748-2450,4.8,http://vanrosemedical.ca/,vanrosepharmacy1@gmail.com
753,Chiropractic Clinic,Royal Chiropractic and Sports Injury Clinic,+1 905-820-6262,4.9,https://www.royalclinic.ca/home.html,info@royalclinic.ca
754,Chiropractic Clinic,Infinite Motion Health,+1 647-767-5889,5,https://infinitemotion.ca/,infinitemotionhealth@gmail.com
755,Chiropractic Clinic,Healthmedica Brampton,+1 905-782-7246,5,http://www.healthmedica.ca/,
756,Chiropractic Clinic,Om Health and Wellness,+1 905-459-6800,5,https://omhw.ca/,astigma@astigmatic.com; eben@eyebytes.com; info@omhw.ca
757,Auto Dealership,Cars Galore Auto,+1 289-309-2068,4.7,http://carsgaloreauto.com/,todd@carsgaloreauto.com
758,Auto Dealership,Ali Baba Motors Canada,+1 647-985-4486,4.7,http://alibabamotors.ca/,alibabamotors4@gmail.com
759,Auto Dealership,Brampton Car Bazaar,+1 905-450-5866,5,https://bramptoncarbazaar.ca/,info@bramptoncarbazaar.ca
760,Private School / Tutoring,"Academy for Mathematics & English, Bramport",+1 905-791-1058,5,http://www.tutoringacademy.ca/locations/ontario/bramport.php,
761,Dental Clinic,Centennial Dental,+1 905-457-3606,4.5,https://www.trinitydental.ca/,
762,Dental Clinic,SmileMakers Dental,+1 905-457-0778,4.9,http://www.smilemakersdental.ca/,info@smilemakersdental.ca
763,Dental Clinic,Brampton Corners Dental Care,+1 905-451-1665,4.9,https://bramptoncornersdental.com/,drmeisels@yahoo.com; drmeisels@yahoo.com
764,Dental Clinic,ParkPlace Dental Centre,+1 905-866-6657,4.7,http://www.parkplacedentalcentre.com/,dentalfax@uponline.com; info@parkplacedentalcentre.com; reception@ppdc.dental
765,Dental Clinic,Dawson Dental - Brampton,+1 289-514-9303,4.9,https://www.dawsondental.ca/site/brampton-dentist?utm_source=G&utm_medium=LPM&utm_campaign=DentalCorp,
766,Dental Clinic,Kennedy Dental Care,+1 905-846-3999,4.7,http://www.kennedydentalcarebrampton.com/,ajax-loader@2x.gif; kennedydentalcarebrampton@outlook.com
767,Dental Clinic,Conestoga Dental Centre,+1 905-840-0000,4.3,http://www.conestogadental.ca/,2062d0a4929b45348643784b5cb39c36@sentry.wixpress.com; 605a7baede844d278b89dc95ae0a9123@sentry-next.wixpress.com; 8eb368c655b84e029ed79ad7a5c1718e@sentry.wixpress.com; bfb679c754744c58a7374ee6e25cfc13@sentry.wixpress.com; conestogadental@gmail.com
768,Dental Clinic,Fisherman Family Dental Care - Brampton,+1 289-907-2688,4.9,https://fishermanfamilydental.com/?utm_source=GoogleOrganic&utm_medium=GMBwebsite&utm_campaign=GMBWebsiteLink,info@fishermanfamilydental.com
769,Dental Clinic,Dentistry on Main,+1 905-454-5777,4.9,https://dentistry-main.com/,info@dentistry-main.com
771,Medical Center,Vcarepoint Medical Clinic,+1 905-454-2001,4.4,https://vcarepointmedical.com/?utm_source=google&utm_medium=organic&utm_campaign=google_business_profile,info@vcarepointmedical.ca
772,Medical Center,Excellent Care Medical Centre & Pharmacy,+1 905-230-6300,3.8,https://www.facebook.com/excellentcarepharmacy/,excellentcare-phb@hotmail.com; dev7561@gmail.com
773,Medical Center,Kennedy Medical Centre,+1 905-459-4385,2.2,http://www.kmcbrampton.com/,
775,Medical Center,Panel Physician Brampton,+1 416-240-6065,4.6,https://www.panelphysician.ca/,
777,Medical Center,Peel Medical Centre,+1 905-846-0222,3.8,https://peelmedicalcentre.ca/,contactpeelmedicalcentre@gmail.com
778,Physiotherapy Clinic,pt Health - North Brampton,+1 905-455-7744,4.7,https://www.pthealth.ca/clinic/pt-health-north-brampton/?utm_source=gmb&utm_medium=organic,
779,Physiotherapy Clinic,Airport Rehab Centre,+1 905-676-1414,4.9,https://airportrehab.ca/,airportrehab@gmail.com
780,Physiotherapy Clinic,BlueismyPhysiotherapist,+1 905-457-0500,5,http://www.bluephysio.ca/,impallari@gmail.com; team@latofonts.com
781,Physiotherapy Clinic,Focus Physiotherapy,+1 416-961-2001,4.7,http://www.focusphysiotherapy.com/locations/brampton-clinic/,
782,Physiotherapy Clinic,Brampton Civic Care Centre,+1 905-452-7667,4.7,http://www.bramptonccc.com/,
783,Physiotherapy Clinic,Natural Touch Rehabilitation Centre Brampton,+1 905-281-8247,5,https://naturaltouchrehabilitation.com/,info@naturaltouch.com; info@naturaltouchrehab.ca
784,Physiotherapy Clinic,Heal360 Physio and Rehab | Massage | Physiotherapy | Motor Vehicle Accident Rehab | Workplace Injury Rehab,+1 905-455-6699,5,https://heal360.ca/,heal360physio@gmail.com
785,Physiotherapy Clinic,Van Rehab,+1 905-497-7410,5,https://vanrehab.com/,bovairdvanrehabphysio@gmail.com; info@vanrehabphysio.ca; maltonvanrehab@gmail.com; vanrehabairport@gmail.com
786,Physiotherapy Clinic,Wellness Planet Rehab,+1 905-863-1458,5,http://www.wellnessplanetrehab.ca/,contactwellnessrehab@gmail.com
787,Law Firm,"LawDen - Kunal Kapoor Law Professional Corporation - Barrister, Solicitor & Notary Public",+1 437-232-7744,5,http://www.lawden.ca/,info@lawden.ca
788,Law Firm,MJ LAW SERVICES,+1 647-660-9666,4.9,https://mjlaws.ca/,contact@mjlaws.ca
790,Law Firm,XCrown Legal Services,+1 416-839-8013,4.9,http://www.pavanbassilegal.ca/,605a7baede844d278b89dc95ae0a9123@sentry-next.wixpress.com; info@x-crown.ca
791,Law Firm,GILL & DHILLON LAW LLP,+1 905-617-2122,4.9,http://www.gdlawyers.ca/,contact@gdlawyers.ca; v@gdlawyers.ca
793,Accounting Office,G.L.H. Accounting Services Ltd.,+1 647-643-1095,4.7,http://www.glhaccounting.ca/,sjohn@glhaccounting.ca
794,Accounting Office,Wealthy Wave Accounting Inc. || Accounting & Taxation Services || Brampton,+1 647-606-1824,5,http://wealthywaveaccounting.com/,chirag@wealthywaveaccounting.com
795,Accounting Office,Japji Accounting & Tax Experts Inc.,+1 647-408-6421,4.7,http://www.japjiaccounting.com/,info@japjiaccounting.com
796,Real Estate Agency,Royal LePage Credit Valley Real Estate,+1 905-793-5000,3.3,https://www.royallepage.ca/en/office/ontario/brampton/royal-lepage-credit-valley-real-estate/515/,brampton@royallepage.ca; brampton@royallepage.ca
797,Real Estate Agency,Sunny Grewal - Real Estate Broker - Royal LePage Credit Valley Real Estate Brokerage,+1 416-579-6187,5,http://www.sunnygrewal.com/,sgrewal@royallepage.ca
798,Real Estate Agency,Harish Kumar,+1 416-845-5643,5,http://realtorharishkumar.ca/,buyandsellwithharish@gmail.com
799,Real Estate Agency,"Re/Max Excellence Real Estate Brokerage-Gurdeep Gurm, Real Estate Broker",+1 416-303-3336,5,https://www.thebramptonrealtor.com/,
800,Real Estate Agency,Neil Mcintyre - Your Home Sold Guaranteed - Best Brampton Real Estate Agent - Top Realtor,+1 416-805-2562,4.6,http://neilmcintyreteam.com/,neilmcintyre@rogers.com
801,Insurance Agency,Super Visa & Visitor Visa Insurance - Baljit Singh,+1 905-226-3036,5,https://quotelea.com/Baljit-Singh,support@quotelea.com
802,Insurance Agency,"Vertex Insurance and Investments Inc. - Life, Disability, Critical Illness, Super Visa Insurance",+1 800-666-0483,5,http://www.vertexinsurance.ca/,info@vertexinsurance.ca
804,Daycare Center,Brampton Kennedy Rd YMCA Child Care Centre,+1 905-457-6006,3.9,https://www.ymcagta.org/find-a-y/brampton-kennedy-Rd-ymca-child-care-centre,memberservices@ymcagta.org
805,Daycare Center,BrightPath Queen Campus Child Care Centre,+1 905-799-0782,4.6,https://brightpathkids.com/locations/queen-campus/,careers@brightpathkids.com; enrollment@brightpathkids.com; info@brightpathkids.com
806,Daycare Center,KRT Kiddies Kollege,+1 905-459-2300,4.1,http://www.kiddieskollege.ca/,ruth@krt.org
808,Optometry Clinic,I Am Optical,+1 905-450-0763,4.9,http://www.iamoptical.com/,
809,Optometry Clinic,Mega Vision,+1 647-262-6898,5,https://megavision786.com/,contact@ajads360.com; megaoptical786@gmail.com
810,Optometry Clinic,Lapienis Renis Dr,+1 905-457-4700,5,http://www.brampton-optometrist.ca/,
811,Optometry Clinic,Vina Vision Optical,+1 905-216-8818,4.9,https://vinavisionoptical.ca/,
812,Pharmacy,Pharmasave Cumberland Pharmacy,+1 905-457-1264,4.6,http://www.cumberlandpharmasave.com/,605a7baede844d278b89dc95ae0a9123@sentry-next.wixpress.com; cumberlandpharmacy@gmail.com
814,Pharmacy,Loblaw Pharmacy,+1 905-453-5250,3.3,https://www.pchealth.ca/en/health/pharmacist-consultations/?utm_source=G&utm_medium=LPM&utm_campaign=Loblaws,
815,Pharmacy,RemedysRx Peace Health,+1 905-451-1114,5,https://www.guardian-ida-remedysrx.ca/en/ontario/brampton/peace-health-7023781?utm_source=google&utm_medium=maps&utm_campaign=local_presence,
816,Pharmacy,Shoppers Simply Pharmacy,+1 905-495-0011,3.4,https://www1.shoppersdrugmart.ca/en/Store-Locator/store/3088,
817,Pharmacy,Pharmahands,+1 450-915-3266,,https://wa.me/18352402999,
819,Pharmacy,Guardian PHARMA CENTER PHARMACY,+1 905-454-3200,4,https://www.guardian-ida-remedysrx.ca/en/ontario/brampton/pharma-center-pharmacy-7017973?utm_source=google&utm_medium=maps&utm_campaign=local_presence,
820,Chiropractic Clinic,Rehance Health Centre,+1 905-459-6363,5,https://rehancehealth.ca/,
821,Auto Dealership,DRIFT MOTORS,+1 647-533-0170,5,https://driftmotors.ca/,
822,Auto Dealership,VIP MOTORS,+1 905-455-0015,4.8,https://www.vipmotorscanada.ca/,info@vipmotorscanada.ca
823,Auto Dealership,Attrell Toyota Used Vehicles,+1 905-451-4778,4.9,https://www.attrelltoyota.com/inventory/used/,
824,Private School / Tutoring,Brilliant Tutoring,+1 647-297-1370,5,http://www.brillianttutor.com/,
825,Dental Clinic,Krest One Dental Brampton,+1 905-723-5667,5,https://krestonedental.com/brampton/,info@onedentaltoronto.ca; info@onedentaltoronto.ca
826,Dental Clinic,Kennedy Dental & Orthodontics,+1 905-453-2440,4.4,http://www.kennedydentalandorthodontics.com/,frontdesk@kjdental.ca
827,Dental Clinic,Dr. Winston Law,+1 905-450-5800,5,https://www.drwinstonlaw.com/,
828,Dental Clinic,Hansen Dental,+1 905-450-7272,4.7,http://www.hansendental.ca/,info@hansendental.ca
829,Dental Clinic,Kennedy Square Dental,+1 905-789-7339,4.8,https://www.kennedysquaredental.com/,kennedysquaredental@gmail.com
831,Dental Clinic,Dr Amanpreet chopra Dentistry,+1 905-455-5200,4.5,http://www.thefamilydentist.ca/,
832,Dental Clinic,Peel Village Dental,+1 437-747-6990,4.6,https://www.peelvillagedental.com/,
833,Dental Clinic,Kennedy Smiles Dental Clinic,+1 905-216-9060,5,https://www.kennedysmilesdental.com/,2062d0a4929b45348643784b5cb39c36@sentry.wixpress.com; 271e9fa3230b4eec94b02bf95780f5f2@sentry.wixpress.com; 460ff4620fa44cba8df530afde949785@sentry.wixpress.com; 605a7baede844d278b89dc95ae0a9123@sentry-next.wixpress.com; 8c4075d5481d476e945486754f783364@sentry.io; 8eb368c655b84e029ed79ad7a5c1718e@sentry.wixpress.com; 9a65e97ebe8141fca0c4fd686f70996b@sentry.wixpress.com; c183baa23371454f99f417f6616b724d@sentry.wixpress.com; contact@kennedysmilesdental.com; dd0a55ccb8124b9c9d938e3acf41f8aa@sentry.wixpress.com; ed436f5053144538958ad06a5005e99a@sentry.wixpress.com
834,Dental Clinic,Our Dentistry,+1 905-450-1687,4.7,http://ourdentistry.ca/,
835,Medical Center,Kennedy Medical Clinic,+1 905-455-5445,2.8,https://kennedymedicalclinic.com/,services@kennedymedicalclinic.com
836,Medical Center,"WELL Health Diagnostic Centres - Brampton Centre - Cardiology, Respirology and Diagnostic Imaging",+1 833-904-4574,4.8,http://www.welldiagnostics.ca/brampton-centre,brampton_centre_req@welldiagnostics.ca; brampton_centre_req@welldiagnostics.ca
837,Medical Center,Queen's Urgent Care and Medical Centre Brampton,+1 905-497-2273,3.1,http://queensurgentcare.org/contact-us/,
839,Medical Center,William Osler Health System - Peel Memorial Centre for Integrated Health and Wellness,+1 905-494-2120,2.9,http://www.williamoslerhs.ca/,
840,Medical Center,Eastern Medical Clinic,+1 905-288-7344,4.3,https://easternclinic.ca/family-physician-request/,info@easternclinic.ca
841,Medical Center,Ray Lawson Medical Clinic,+1 905-497-7475,3,https://www.bramptonmedicalclinics.com/,605a7baede844d278b89dc95ae0a9123@sentry-next.wixpress.com; 8eb368c655b84e029ed79ad7a5c1718e@sentry.wixpress.com; 9a65e97ebe8141fca0c4fd686f70996b@sentry.wixpress.com; c183baa23371454f99f417f6616b724d@sentry.wixpress.com; dd0a55ccb8124b9c9d938e3acf41f8aa@sentry.wixpress.com; raylawsonfamilyclinic123@gmail.com
842,Medical Center,World Medical Centre,+1 905-846-5400,4.3,https://worldmedcentre.ca/,contact@worldmedcentre.ca
845,Physiotherapy Clinic,Brampton Physiotherapy + Wellness Institute,,4.7,https://bramptonphysio.ca/,brampton@lifeclinics.ca
846,Physiotherapy Clinic,Maple Leaf Physiotherapy and Pelvic Health Inc.,+1 647-717-3422,5,https://itiwellness.com/,info@itiwelness.com
847,Physiotherapy Clinic,RELIEF PHYSIO REHAB,+1 905-454-1113,5,https://reliefphysio.ca/,
848,Physiotherapy Clinic,Physio Village Clinic Brampton,+1 905-450-8800,4.8,https://www.physiovillage.ca/,physiovillage@gmail.com
849,Physiotherapy Clinic,Physio FIX,+1 905-866-5590,5,http://www.physio-fix.ca/,info@physio-fix.ca
850,Physiotherapy Clinic,Rejuvenate Physiotherapy & Rehabilitation Centre,+1 647-926-6488,5,https://rejuvenatephysiorehab.com/,info@rejuvenatephysiorehab.com
851,Physiotherapy Clinic,CBI Health - Brampton County Court,+1 905-455-8083,4.9,https://www.cbihealth.ca/locations/brampton-county-court?utm_source=google&utm_medium=organic&utm_campaign=gbp,communityrehabon@cbihealth.ca; drt_ontario@cbihealth.ca; u003ecommunityrehabon@cbihealth.ca; u003edrt_ontario@cbihealth.ca; u003evocreferrals@cbi.ca; vocreferrals@cbi.ca
852,Physiotherapy Clinic,Physiomed Brampton - Bramalea,+1 905-595-1537,4.8,https://www.physiomed.ca/find-a-clinic/brampton-bramalea/overview/,
853,Physiotherapy Clinic,Trinova Wellness Centre,+1 905-495-7748,4.8,http://trinovacentre.com/,trinovawellnesscentre@gmail.com
854,Veterinary Clinic,Derry Village Animal Clinic,+1 905-670-1414,4.6,https://www.derryvets.ca/,derryvillagevet@gmail.com
855,Law Firm,Zena law office,+1 437-605-2249,4.7,http://www.zenalaw.ca/,info@zenalaw.ca
856,Law Firm,Sabio Law LLP,+1 905-677-1110,4.9,https://sabiollp.com/,info@sabiollp.com
857,Law Firm,Aviron Law Professional Corporation,+1 905-497-1200,5,http://www.avironlaw.com/,18d2f96d279149989b95faf0a4b41882@sentry-next.wixpress.com; 2062d0a4929b45348643784b5cb39c36@sentry.wixpress.com; 271e9fa3230b4eec94b02bf95780f5f2@sentry.wixpress.com; 460ff4620fa44cba8df530afde949785@sentry.wixpress.com; 54b4aac306184111a223c0f4aea635c3@sentry.wixpress.com; 5d1795a2db124a268f1e1bd88f503500@sentry.wixpress.com; 605a7baede844d278b89dc95ae0a9123@sentry-next.wixpress.com; 8c4075d5481d476e945486754f783364@sentry.io; 9a65e97ebe8141fca0c4fd686f70996b@sentry.wixpress.com; c183baa23371454f99f417f6616b724d@sentry.wixpress.com; dd0a55ccb8124b9c9d938e3acf41f8aa@sentry.wixpress.com; ed436f5053144538958ad06a5005e99a@sentry.wixpress.com
858,Law Firm,Empire Law Office,+1 905-806-8000,4.5,https://empirelaw.ca/,john.doe@gmail.com
859,Law Firm,Vincent Houvardas Criminal Law Office,+1 905-455-9970,5,https://www.vhlegal.ca/,vhlaw@rogers.com
860,Law Firm,Chadha Nascimento LLP,+1 905-491-6967,5,http://thepropertylawyers.ca/,info@cnllp.ca; info@nc-law.ca
862,Law Firm,Batth Law Professional Corporation,+1 905-965-6562,5,http://www.batthlaw.com/,info@batthlaw.com
863,Accounting Office,Paragon Accounting and Financial Services Inc,+1 416-477-3359 ext. 1,4.7,https://paragonafs.ca/,20info@paragonafs.ca; info@paragonafs.ca
865,Accounting Office,J Singh Accounting and Tax Services,+1 416-257-3829,5,https://jsinghcpa.com/,cpajsingh@gmail.com
866,Accounting Office,Bajaj Tax & Accounting Inc.,+1 905-452-0945,4.9,http://bajajtax.ca/,info@bajajtax.com
867,Real Estate Agency,Yes Realty Inc. Brokerage,+1 905-458-9200,4.7,https://www.yesrealty.ca/,info@yesrealty.ca
868,Real Estate Agency,Christine Da Silva- Real Estate Broker,+1 647-890-3296,5,https://www.christinedasilva.ca/,christine.dasilva@century21.ca; christine.dasilva@century21.ca
869,Real Estate Agency,"RE/MAX Real Estate Centre Inc., Brokerage - Brampton",+1 905-456-1177,3.5,https://www.remaxcentre.ca/,info@remaxcentre.ca
870,Real Estate Agency,LIVIO REAL ESTATE - Your Trusted Real Estate Service,+1 416-836-3655,5,https://www.searchlisting.ca/,info@livio.ca
871,Real Estate Agency,"King Realty Inc., Brokerage",+1 905-793-5464,4.6,http://kingrealtyinc.ca/,kingrealtybrokerage@gmail.com; reception.kingrealty@gmail.com
872,Real Estate Agency,Royal Lepage Platinum Realty Brokerage,+1 905-451-3999,4.4,https://royallepageplatinum.ca/,
873,Real Estate Agency,Gurpreet Singh Real Estate Agent,+1 647-220-0005,5,https://www.homesbygurpreet.com/,
874,Real Estate Agency,Gurpreet Mann,+1 647-294-9700,4.9,http://www.gmannhomes.com/,email@website.com; info@gmannhomes.com
875,Real Estate Agency,Pinnacle Realty,+1 416-543-4308,5,https://pinnaclerealty.ca/,
876,Real Estate Agency,Vinny Kalsi Realty | RE/MAX Real Estate Centre Inc.,+1 905-599-0219,5,https://vinnykalsi.com/?utm_source=google-my-business&utm_medium=organic,realtor@vinnykalsi.com
877,Real Estate Agency,Kaushal Realty Group,+1 647-926-2966,4.9,http://kaushalrealtygroup.com/,
878,Insurance Agency,The insurance company,+1 437-872-1702,5,http://theinsurancecompany.ca/,lovepreetsingh1709@gmail.com
879,Insurance Agency,Lorna Downs Desjardins Insurance Agent,+1 905-455-4275,4,https://www.lornadowns.ca/?utm_id=ls-e-0-24931&campagne=ls-e-0-24931,lorna.downs@desjardins.com
880,Daycare Center,Busy Bees Childcare Center,+1 905-454-7676,4.4,https://busybeesbrampton.com/,busybees002@outlook.com
881,Daycare Center,Young Miracles Montessori & Childcare,+1 905-457-2466,5,https://www.youngmiraclesmontessori.com/,info@kundaxteam.com; info@youngmiraclesmontessori.com
882,Daycare Center,Pristine Pearls EYES Childcare,+1 905-459-5439,4.8,http://www.eyeschildcarebrampton.com/,pristinepearlseyes@gmail.com
884,Daycare Center,BrightPath Mill Street Child Care Centre,+1 905-456-1798,4.8,https://brightpathkids.com/locations/mill-street/,careers@brightpathkids.com; enrollment@brightpathkids.com; info@brightpathkids.com
885,Daycare Center,Nestlings Early Learning & Childcare,+1 905-453-9797,4.7,http://www.nestlingschildcare.com/,admin@nestlingschildcare.com; info@nestlingschildcare.com
886,Gym / Fitness Center,GoodLife Fitness Brampton Gateway,+1 905-454-4073,3.9,https://www.goodlifefitness.com/clubs/club.347.html?utm_source=G&utm_medium=LPM&utm_campaign=GoodlifeFitness,members@goodlifefitness.com
887,Gym / Fitness Center,RGX Fitness | Women's only gym Brampton,+1 416-816-6844,4.8,http://rgxfitness.com/,info@rgxfitness.com; info@rgxgroup.com; ruby@orendagroupx.com
888,Gym / Fitness Center,TrainMeFit Brampton,+1 289-828-3147,5,http://www.mytrainmefit.com/,
889,Beauty Salon & Spa,Alpha Aura Haircutting Salon & Spa,+1 905-500-9581,5,https://alphaaurasalon.com/,alphaaurasalon@gmail.com
891,Beauty Salon & Spa,Mirror Mirror Beauty Salon & Spa,+1 905-453-2545,5,http://mirrormirrorbeauty.ca/,
892,Beauty Salon & Spa,Krystal Med Spa & Beauty Salon Inc.,+1 437-229-1985,5,https://krystalbeautysalon.ca/,krystalsalon@outlook.com
893,Optometry Clinic,Dr. Andrew S Chuang,+1 905-488-7159,4.3,https://bramptonvision.com/,
894,Optometry Clinic,Prism Eye Institute,+1 905-456-3937,4.5,http://www.prismeyeinstitute.com/,info@prismeye.ca
895,Optometry Clinic,Uptown Eye Specialists - Brampton,+1 416-292-0330,3.8,https://uptowneye.ca/,info@uptowneye.ca
896,Pharmacy,Queen Lynch Pharmacy,+1 905-450-3500,4.7,http://www.queenlynch.com/,queenlynchpharmacy@gmail.com
897,Pharmacy,Peel Memorial Pharmacy,+1 905-497-4771,4,https://www.peelmemorialpharmacy.com/,
898,Pharmacy,Flowercity Pharmacy | Flower City Pharmacy in Brampton | Compounding Pharmacy Brampton,+1 905-450-2233,5,https://flowercitypharmacy.com/,flowercitypharmacy@gmail.com
900,Pharmacy,Nathan Pharmacy Guardian,+1 905-497-6500,4.4,https://www.guardian-ida-remedysrx.ca/en/ontario/brampton/nathan-guardian-pharmacy-7052471,
901,Pharmacy,Allwell Pharmacy,+1 905-450-1277,4.8,http://www.allwellpharmacy.ca/,allwellpharmacyinc@gmail.com; allwell.huronheights@gmail.com
904,Pharmacy,I.D.A. Kennedy Queen Medcare RX,+1 905-455-2929,4.6,https://www.guardian-ida-remedysrx.ca/en/ontario/brampton/kennedy-queen-medcare-rx-7065813?utm_source=google&utm_medium=maps&utm_campaign=local_presence,
905,Chiropractic Clinic,Dr. Anita Chopra - Brampton's Family Chiropractor,+1 416-873-4218,4.9,http://www.dranitachopra.com/,dranitachopra@gmail.com; dranitachopra@gmail.com
907,Chiropractic Clinic,Advanced Vitality,+1 905-453-3385,4.9,https://www.advancedvitality.ca/,0e6a29e4756740a8a63493e912ba2174@sentry.wixpress.com; 18d2f96d279149989b95faf0a4b41882@sentry-next.wixpress.com; 2062d0a4929b45348643784b5cb39c36@sentry.wixpress.com; 271e9fa3230b4eec94b02bf95780f5f2@sentry.wixpress.com; 460ff4620fa44cba8df530afde949785@sentry.wixpress.com; 5d1795a2db124a268f1e1bd88f503500@sentry.wixpress.com; 605a7baede844d278b89dc95ae0a9123@sentry-next.wixpress.com; 79baaa8e09c746d2b7401643b99792e0@sentry.wixpress.com; 88170cb0c9d64f94b5821ca7fd2d55a4@sentry-next.wixpress.com; 8c30b2581acc426badc414e8a5dc04ef@sentry.wixpress.com; 8c4075d5481d476e945486754f783364@sentry.io; 8eb368c655b84e029ed79ad7a5c1718e@sentry.wixpress.com; baf30a2b91654c5a840931f0137bed30@sentry.wixpress.com; c183baa23371454f99f417f6616b724d@sentry.wixpress.com; dd0a55ccb8124b9c9d938e3acf41f8aa@sentry.wixpress.com; ed436f5053144538958ad06a5005e99a@sentry.wixpress.com; f36cc48fb72b4d298c835f2793cf3b84@sentry-next.wixpress.com; info@advancedvitality.ca
908,Funeral Home,Ahmadiyya Muslim Jama'at Funeral Service,+1 905-206-1605,4.4,https://amjfuneralservices.ca/25/Contact-Us.html,funeral.services@ahmadiyya.ca
909,Auto Dealership,TDOT CARS,+1 647-988-0777,4.9,https://www.tdotcars.ca/,info@tdotcars.ca
910,Auto Dealership,Moovex Motors,+1 416-786-9971,4.9,http://moovexmotors.net/,info@moovexmotors.net
911,Private School / Tutoring,MindArc Tutors,+1 289-544-2951,5,https://mindarctutors51-del.github.io/MindArc-Tutors/,mindarctutors51@gmail.com; mindarctutors51@gmail.com
912,Dental Clinic,Conestoga Dental Group,+1 905-846-4424,4.8,https://conestogadentalgroup.com/,info@conestogadentalgroup.com
913,Dental Clinic,The Tooth Corner,+1 905-840-4888,4.6,http://toothcorner.com/brampton-dental-office/,help@toothcorner.com
914,Dental Clinic,Kenedy Ruth Dental Centre,+1 905-846-1595,4.3,http://www.kenedyruthdentalcentre.com/,605a7baede844d278b89dc95ae0a9123@sentry-next.wixpress.com; kenedyruthdentalcentre@yahoo.ca
915,Dental Clinic,Dentistry On Hurontario Brampton,+1 365-544-3693,4.8,https://www.dentistryonhurontario.com/?utm_source=GMB_Listing&utm_medium=organic&utm_campaign=Website_URL,chopradentistryprofessional@gmail.com; chopradentistryprofessional@gmail.com
916,Dental Clinic,32 Dental Care,+1 905-846-2228,4.6,http://roopalisharmadental.ca/,
917,Dental Clinic,Dr. Bhandal & Associates,+1 905-846-9711,4.4,http://www.drbhandal.com/,
918,Dental Clinic,iSmile Dental Centre (North),+1 905-846-9655,4.9,https://ismiledentalcentre.com/?utm_source=GMB_Listing&utm_medium=organic&utm_campaign=GMB,north@ismiledentalcentre.com; north@ismiledentalcentre.com
919,Dental Clinic,Dr. Abouzgia & Associates,+1 905-846-6716,4.4,https://drabouzgiaandassociates.com/,
920,Dental Clinic,Sandalwood Dental Clinic,+1 905-846-8810,4.8,http://www.sandalwooddentalclinic.com/,sandalwooddentalteam@gmail.com
921,Medical Center,Heart Lake Medical Centre - Walk In,+1 905-846-7611,3.1,http://heartlakemedical.ca/,heartlakemedical88@gmail.com
922,Medical Center,Sandalwood Conestoga Walk-in Clinic,+1 905-846-8282,3.2,https://sandalwoodmedicalclinic.ca/,sandalwood@verismohealth.com
923,Medical Center,Brampton East Medical Group,+1 905-451-1937,3.3,https://cbfht.ca/,info@cbfht.com
925,Physiotherapy Clinic,Sandalwood Physiotherapy & Wellness,+1 905-840-8111,4.8,http://www.sandalwoodphysio.com/,info@sandalwoodphysio.com; info@sandalwoodphysio.com
926,Physiotherapy Clinic,CBI Health - Brampton Hurontario,+1 289-632-1700,4.7,https://www.cbihealth.ca/locations/brampton-hurontario?utm_source=google&utm_medium=organic&utm_campaign=gbp,communityrehabon@cbihealth.ca; drt_ontario@cbihealth.ca; u003ecommunityrehabon@cbihealth.ca; u003edrt_ontario@cbihealth.ca; u003evocreferrals@cbi.ca; vocreferrals@cbi.ca
927,Physiotherapy Clinic,New Hope Physiotherapy,+1 905-846-4000,4.5,https://www.newhopephysio.com/,admin@newhopephysio.com
928,Physiotherapy Clinic,AKAL Physiotherapy & Rehab,+1 905-495-4445,5,http://akalphysio.com/,akalphysio@gmail.com
929,Physiotherapy Clinic,Renewal Physiotherapy & Sports Injury Clinic (Heartlake Location),+1 437-880-8390,5,https://renewalphysio.com/,info@renewalphysio.com
930,Physiotherapy Clinic,Huronwood Physio & Rehab,+1 905-495-4040,4.8,https://www.huronwoodphysio.com/,huronwoodphysio@gmail.com
931,Physiotherapy Clinic,Circle Physiotherapy,+1 905-495-5600,4.9,https://www.circlephysiotherapy.ca/,g_01_s@hotmail.com; info@circlephysiotherapy.ca
933,Physiotherapy Clinic,Discover Physiotherapy,+1 905-846-7444,4.8,https://physiodiscovery.com/,info@physiodiscovery.com
935,Law Firm,"Kahlon Law Office - Arshdeep Singh Kahlon, Barrister and Solicitor",+1 647-450-0000,4.8,http://www.akahlon.ca/,immlaw@akahlon.ca
936,Law Firm,"GSW LAW PROFESSIONAL CORPORATION - Gursukhman Singh, Barrister and Solicitor",+1 437-984-1961,5,http://gswlaw.ca/,info@gswlaw.ca; office.gswlaw@gmail.com; office@gswlaw.ca; info@gswlaw.ca; office.gswlaw@gmail.com; office@gswlaw.ca
937,Law Firm,Godwit Law Office,+1 888-357-5162,4.9,http://godwitlaw.com/,info@godwitlaw.com
938,Law Firm,Duggal Law Office,+1 905-495-0227,5,http://www.duggallaw.ca/,eben@eyebytes.com; impallari@gmail.com; team@latofonts.com
939,Law Firm,Rupinder Singh Dhaliwal Professional Corporation,+1 647-894-1516,5,https://www.dhaliwal.law/,rupinder@dhaliwal.law
940,Law Firm,Criminal Defence Lawyers in Brampton & the GTA,+1 905-460-5073,5,https://kushgupta.lawyer/,kushlawoffice@gmail.com
941,Law Firm,Sachdeva Milne Law Group,+1 905-230-9111,4.3,http://sachdevamilne.com/,
944,Accounting Office,Navneet Tax Consultancy Inc.,+1 647-395-3889,,https://www.navneettax.com/,
945,Accounting Office,TaxedIn,+1 647-286-9161,5,http://taxedinsolutions.com/,taxedinsolutions@gmail.com
946,Real Estate Agency,"Shikhar Verma RE/MAX Top 1% Agent 2021/Treb, Best Realtor",+1 647-712-2721,5,https://bramptontophomes.com/,realtorshikhar@gmail.com
948,Real Estate Agency,Brampton Realtor Vishal Vij,+1 647-546-3467,5,http://www.vishalvij.ca/,contact@vishalvij.ca
950,Real Estate Agency,JAGMOHAN SABHARWAL - Top 1% Real Estate Broker,+1 416-877-4680,5,http://www.jagmohansabharwal.ca/,info@shergilllawfirm.ca; info@ssloombalaw.ca; jagmohan.realtor@gmail.com; tewathia.law@gmail.com
951,Real Estate Agency,Bharat Purohit Realtor,+1 647-285-8305,5,https://www.realtor.ca/agent/2220542/bharat-purohit-821-bovaird-dr-west-31-brampton-ontario-l6x0t9,
952,Real Estate Agency,Rocky Da Realtor,+1 647-922-8549,5,https://rockydarealtor.com/,rockydarealtor@gmail.com; rockydarealtor@gmail.com
953,Insurance Agency,"Insurance Solutions by Dilawar Singh - Super Visa, Visitor, Life, Investments etc.- Insurance4you.ca",+1 647-979-8842,5,http://www.dilawarsingh.ca/,filler@godaddy.com; hi@typemade.mx; luciano@latinotype.com
954,Insurance Agency,Co-operators - Dhruv Ghosh,+1 905-840-4290,3.6,https://www.cooperators.ca/local/dhruv-ghosh-investment-insurance/?utm_source=google&utm_medium=lpm&utm_campaign=co-operators,client_service_support@cooperators.ca; report_fraud@cooperators.ca
955,Insurance Agency,Surnet Insurance Group Inc,+1 905-495-9762,4.4,https://www.surnetakinremi.com/,605a7baede844d278b89dc95ae0a9123@sentry-next.wixpress.com; 8c4075d5481d476e945486754f783364@sentry.io; 8eb368c655b84e029ed79ad7a5c1718e@sentry.wixpress.com; c183baa23371454f99f417f6616b724d@sentry.wixpress.com; dd0a55ccb8124b9c9d938e3acf41f8aa@sentry.wixpress.com; fakinremi@surnet.net
956,Insurance Agency,Allstate Insurance: Hasnain Choghtai,+1 289-401-6203,,https://www.agents.allstate.ca/on/brampton/150-great-lakes-drive-dr/hasnain-choghtai?utm_source=google&utm_medium=organic&utm_campaign=AllstateInsurance,newpropertyclaims@allstate.ca; u003enewpropertyclaims@allstate.ca
957,Insurance Agency,Allstate Insurance: Mannat Arora,+1 289-499-5172,5,https://www.agents.allstate.ca/on/brampton/150-great-lakes-drive-dr/mannat-arora?utm_source=google&utm_medium=organic&utm_campaign=AllstateInsurance,newpropertyclaims@allstate.ca; u003enewpropertyclaims@allstate.ca
958,Insurance Agency,Susan Tait Desjardins Insurance Agent,+1 905-846-1444,4.6,https://www.taitins.ca/?utm_id=ls-e-0-24931&campagne=ls-e-0-24931,susan.tait@desjardins.com
961,Daycare Center,Light of the World Childcare Centre,+1 647-333-7939,4.8,https://lightoftheworldchildcare.ca/,info@lightoftheworldchildcare.ca; info@lightoftheworldchildcare.ca
962,Daycare Center,Rocket Academy & Early Learning Centre,+1 905-970-8811,4,http://rocketacademyelc.ca/,271e9fa3230b4eec94b02bf95780f5f2@sentry.wixpress.com; 460ff4620fa44cba8df530afde949785@sentry.wixpress.com; 605a7baede844d278b89dc95ae0a9123@sentry-next.wixpress.com; 79baaa8e09c746d2b7401643b99792e0@sentry.wixpress.com; 8eb368c655b84e029ed79ad7a5c1718e@sentry.wixpress.com; ed436f5053144538958ad06a5005e99a@sentry.wixpress.com; f36cc48fb72b4d298c835f2793cf3b84@sentry-next.wixpress.com
963,Daycare Center,Hide-N-Seek Daycare,+1 905-840-9990,4.7,https://www.hnsdaycare.com/,info@hnsdaycare.com
964,Daycare Center,EarlyON Child & Family Centre - BridgeWay Family Centre - Heart Lake,+1 905-495-3430,4.6,http://www.bridgewaycentre.ca/,info@bridgewaycentre.ca
966,Gym / Fitness Center,Paul Palleschi Recreation Centre,+1 905-846-2370,4.3,https://www.brampton.ca/EN/residents/Recreation/Community-Centres/Pages/Paul-Palleschi.aspx,mara.lanz@brampton.ca
967,Gym / Fitness Center,Lift Off Strength & Wellness,,5,http://www.liftoffstrength.com/,
968,Gym / Fitness Center,Fitnesspros Canada,+1 647-391-7144,5,http://www.fitnessproscanada.ca/,aarondsilva20@gmail.com
969,Gym / Fitness Center,Jim Archdekin Recreation Centre,+1 905-840-1023,4.2,http://www.brampton.ca/EN/residents/Recreation/Community-Centres/Pages/Jim-Archdekin.aspx,mara.lanz@brampton.ca
970,Gym / Fitness Center,Move Today Fitness and Rehab,+1 647-823-5850,5,http://movetoday.my.canva.site/,jose.pt.clienthub@gmail.com
971,Beauty Salon & Spa,Sandy Spa & Studio,+1 905-495-7272,4.8,http://www.sandyspastudio.com/,reachus@sandyspastudio.com
973,Beauty Salon & Spa,SensationSpabyJk,+1 647-878-0539,5,https://sensationspa.setmore.com/,sensationspabyjk@gmail.com
974,Optometry Clinic,Next Optical,+1 905-846-9755,4.6,http://www.next-optical.ca/,admin@kingsteruni.edu; info@uctc.edu.bd
975,Optometry Clinic,FYidoctors - Brampton (Formerly Brampton Eye Doctors),+1 905-846-5313,4.7,https://fyidoctors.com/pages/fyidoctors-brampton-formerly-brampton-eye-doctors,aa4cacd33be28673d7e69be559ce7ad7@o4506196830715904.ingest.us.sentry.io
978,Pharmacy,Pharmasave Huronwood & Compounding Centre,+1 905-793-1545,4.9,http://www.huronwoodpharmacy.ca/,huronwoodrx@gmail.com
979,Pharmacy,Mayfield Pharmacare IDA,+1 905-495-3306,4.6,https://www.guardian-ida-remedysrx.ca/en/ontario/brampton/mayfield-pharmacare-7001096,
980,Pharmacy,I.D.A. Brampton Medical Plex Pharmacy,+1 905-840-7600,4.4,https://www.guardian-ida-remedysrx.ca/en/ontario/brampton/brampton-medical-plex-pharmacy-7039742?utm_source=google&utm_medium=maps&utm_campaign=local_presence,
982,Pharmacy,Storybrook Guardian Pharmacy,+1 905-840-9994,3.9,https://www.guardian-ida-remedysrx.ca/en/ontario/brampton/storybrook-pharmacy-a-medical-clinic-7003184,
983,Pharmacy,Main Street Medical Pharmacy,+1 905-970-9922,4.1,https://mainstreetmedicalpharmacy.com/,info@mainstreetmedicalpharmacy.com
984,Chiropractic Clinic,Beyond Wellness Chiropractic,+1 905-970-9355,4.9,https://www.beyondwellnesschiropractic.com/,
985,Dental Clinic,Fletcher's Creek Dental Brampton,+1 905-495-1155,4.9,https://www.fletcherscreekdental.com/?utm_source=GMB_Listing&utm_medium=organic&utm_campaign=Website_URL,dentalfcdo@gmail.com
986,Dental Clinic,Sunshine Dental,+1 905-840-6767,4.7,https://www.thesunshinedental.ca/,office@thesunshinedental.ca
987,Dental Clinic,Dental Square,+1 905-843-2226,4.8,https://dental2.ca/?utm_source=gmb&utm_medium=organic,info@dental2.ca; info2@dental2.ca; info@dental2.ca; info2@dental2.ca
988,Dental Clinic,Fairhill Dental Care,+1 905-495-4140,3.2,http://drnayyardentistry.com/,
989,Dental Clinic,Caledon Dental Centre,+1 905-843-2500,4.8,https://caledondentalcentre.com/,info@caledondentalcentre.com
990,Dental Clinic,Dr. Pat Martino & Associates Dental,+1 905-495-8597,5,http://drpatmartinodental.ca/,frontdesk@drpatmartinodental.ca
991,Dental Clinic,Buddha Dental Care,+1 905-875-4545,4.9,https://buddhadentalcare.ca/,
992,Dental Clinic,Brinkley Dental Group,+1 905-840-8384,5,https://www.brinkleydentalgroup.com/,info@brinkleydentalgroup.com
996,Medical Center,Northview Medical Clinic,+1 905-495-6555,3.5,https://northview.cortico.ca/%20dr,edf672e8b252555a68b79ad3462373cd@sentry.cortico.cc
997,Medical Center,Storybrook Medical Clinic,+1 905-840-2008,2.7,http://www.storybrookmedical.com/,info@storybrookmedical.com; storybrookreception@gmail.com
999,Medical Center,MayMc Medical Centre,+1 905-913-5511,3.6,http://maymcmedical.com/,maymcmedicalcentre@gmail.com
1000,Medical Center,Brampton West Urgent Care Centre,+1 905-799-2971,3.6,http://www.urgentcarecentre.ca/,info@urgentcarecentre.ca
1002,Medical Center,Vital Urgent Care Centre Brampton West,+1 905-257-6712,2.8,https://vitalurgentcare.ca/walk-in-clinic-brampton-west/,reception@vitalmedicine.ca; info@vitalmedicine.ca
1003,Physiotherapy Clinic,MedRehab Group Physiotherapy - Brampton,+1 289-302-2105,4.9,https://medrehabgroup.com/physiotherapy-center/brampton/,brampton@medrehabgroup.com; woodbridge@medrehabgroup.com; pickering@medrehabgroup.com; georgetown@medrehabgroup.com; stclair@medrehabgroup.com; northyork@medrehabgroup.com; stoneycreek@medrehabgroup.com; richmondhill@medrehabgroup.com; newmarket@medrehabgroup.com
1004,Physiotherapy Clinic,SouthFields Physiotherapy Centre,+1 905-846-8802,4.2,https://www.caledonphysio.ca/,
1005,Physiotherapy Clinic,Northview Physiotherapy,+1 905-846-6500,4.3,http://www.northviewphysiotherapy.ca/,info@northviewphysiotherapy.ca; info@northviewphysiotherapy.ca
1006,Physiotherapy Clinic,Health Plus Physio & Rehab,+1 905-495-0909,4.8,https://healthplustherapy.com/,
1007,Physiotherapy Clinic,Physio Roop- Renewal Physiotherapy & Sports Injury Clinic (Southfields Location),+1 647-625-4329,5,https://www.renewalphysio.com/,info@renewalphysio.com
1008,Physiotherapy Clinic,Chinguacousy Physio and Foot Clinic,+1 905-796-3131,4.7,https://www.chinguacousyphysio.com/,info@chinguacousyphysio.com; info@chinguacousyphysio.com
1009,Veterinary Clinic,Guelph Street Animal Hospital,+1 905-702-8387,4.7,http://www.guelphstreetanimalhospital.com/,info@guelphstreetah.com
1010,Veterinary Clinic,Georgetown Animal Clinic,+1 905-877-2258,4.7,https://www.georgetownanimalclinic.ca/en-ca?utm_source=organic+search&utm_medium=gbp,info@georgetownanimalclinic.ca
1012,Law Firm,Chhokar Law Office,+1 905-488-6557,4.1,https://www.chhokarlaw.ca/,chhokarlaw1@chhokarlaw.ca
1013,Law Firm,Pooja Law Professional Corporation,+1 289-752-8201,4.7,http://www.poojalawoffice.com/,info@poojalawoffice.com; info@poojalawoffice.com
1015,Law Firm,Narang Law,+1 905-840-5611,4.3,https://naranglaw.ca/,info@naranglaw.ca
1016,Accounting Office,DCAM Professional Corporation,+1 905-843-4445,5,https://dcamgroup.ca/,info@dcamgroup.ca
1017,Accounting Office,Kashish Chawla CPA Professional Corp.,+1 437-328-6107,5,https://cpakashishchawla.ca/,cpakashishchawla@gmail.com
1018,Accounting Office,ARK ACCOUNTANTS,+1 437-660-9576,,https://www.arkaccountants.ca/?utm_source=google&utm_medium=wix_google_business_profile&utm_campaign=14252817079594309637,18d2f96d279149989b95faf0a4b41882@sentry-next.wixpress.com; 5d1795a2db124a268f1e1bd88f503500@sentry.wixpress.com; 605a7baede844d278b89dc95ae0a9123@sentry-next.wixpress.com; 78f7996315bc402f9dcb8a2f974b82d1@sentry.wixpress.com; 8c4075d5481d476e945486754f783364@sentry.io; 9a65e97ebe8141fca0c4fd686f70996b@sentry.wixpress.com; c183baa23371454f99f417f6616b724d@sentry.wixpress.com; dd0a55ccb8124b9c9d938e3acf41f8aa@sentry.wixpress.com; info@expertaccounting.com
1019,Accounting Office,Aura Finance Inc - Accountant in Brampton | Business Loans in Brampton | Tax Accountant in Brampton,+1 647-949-2900,5,https://aurafinance.ca/accountant-in-brampton/,info@aurafinance.ca
1020,Accounting Office,ClearPath Accounting & Finance,+1 289-937-2124,5,https://clearpathcfo.ca/,michael@clearpathcfo.ca
1021,Accounting Office,Singla Accounting & Financial Services,+1 437-774-7386,5,https://singlafs.com/,anjana@singlafs.com
1023,Accounting Office,Virk CPA Professional Corporation,+1 416-460-1846,5,https://virkcpa.com/,
1025,Accounting Office,Kamalpreet Verraich CPA,+1 905-207-1300,5,https://kvrcpa.ca/,info@kvrcpa.ca
1026,Accounting Office,Easy Tax Canada,+1 647-786-4451,5,http://www.easytaxcanada.com/,amirkhawaja@hotmail.com; info@easytaxcanada.com
1027,Real Estate Agency,Sumit Chopra Real Estate,+1 647-964-2184,4.6,http://www.sumitchopra.com/,sumitchopra@live.ca
1028,Real Estate Agency,Sunny Sharma/ Remax Top & Best Real Estate Agent,+1 416-823-9531,4.9,http://www.sunnyrealestate.ca/,sunny@sunnyrealestate.ca
1029,Real Estate Agency,Mike Magadia Group GTA Realtor.,+1 647-461-6002,5,http://mmagadia.com/,info@mmagadia.com
1030,Real Estate Agency,LPT Realty Brokerage: Brampton,+1 647-280-7793,5,http://www.anujralhan.ca/,bugreport@moatable.com
1032,Insurance Agency,Tim Cusimano Desjardins Insurance Agent,+1 905-840-9199,4.1,https://www.desjardinsagents.com/agent/ON/brampton/timothy-cusimano/601937?utm_id=ls-e-0-24931&campagne=ls-e-0-24931,
1033,Daycare Center,Kids development daycare,+1 905-625-5355,4.6,http://kidsdevelopmentdaycare.ca/,ravinalalli@hotmail.com; ravinalalli@hotmail.com
1036,Daycare Center,Little Stars Daycare,+1 905-970-0638,4.4,http://welovelittlestars.com/,info@welovelittlestars.com; littlestars@bellnet.ca; mariola.symons@rogers.com
1037,Daycare Center,PLASP - St. Carlo Acutis C.S.,+1 905-890-1711,5,https://www.plasp.com/SearchForCare?type=0&lid=&sn=St.+Carlo+Acutis+C.S.&pt=,arqueries@plasp.com; arteam@plasp.com; childcare@plasp.com; volunteering@plasp.com
1039,Gym / Fitness Center,Cassie Campbell Community Centre,+1 905-840-4041,4.5,http://www.brampton.ca/en/residents/Community-Centres/Cassie-Campbell/Pages/Welcome.aspx,mara.lanz@brampton.ca
1040,Gym / Fitness Center,Southfields Community Centre,+1 905-584-2272 ext. 7327,4.5,http://www.caledon.ca/,info@caledon.ca
1041,Gym / Fitness Center,Anytime Fitness,+1 905-796-6868,4,https://www.anytimefitness.ca/gyms/4022/brampton-on-l6x-0b3/?utm_source=google&utm_medium=organic-businesslisting&utm_campaign=gbp-listing&utm_content=4022,
1042,Beauty Salon & Spa,Salon Safari & Spa,+1 905-846-3111,4.6,http://www.salonsafari.com/,salonsafari@rogers.com
1043,Beauty Salon & Spa,Ideal Beauty Salon and Spa,+1 365-847-1177,4.9,https://sites.google.com/view/idealbeautysalonandspa/home,asxvmprobertest@gmail.com; smart.journey.prober@gmail.com
1044,Beauty Salon & Spa,Panache Beauty Salon & Spa,+1 905-495-3999,4.3,https://panachebeauty.ca/?utm_source=google&utm_medium=gmb&utm_id=paid-ads,
1046,Beauty Salon & Spa,RKD Salon & Spa,+1 905-495-4965,4.6,http://www.rkdsalonspa.com/,
1047,Beauty Salon & Spa,Indo Canada Salon & Spa @ Brisdale,+1 905-970-0008,4.1,http://icsalonandspa.com/,
1048,Beauty Salon & Spa,Roulette Salon and Spa,+1 647-782-3479,5,https://roulette-salon-and-spa.business.site/?utm_source=gmb&utm_medium=referral,
1050,Optometry Clinic,Divine Eye Care,+1 437-377-0007,4.9,https://www.divineeyecare.com/,info@divineeyecare.com
1051,Optometry Clinic,Vision Empire,+1 905-497-3373,4.9,http://www.visionempire.ca/,info@visionempire.ca
1052,Optometry Clinic,SouthFields Vision Centre,+1 905-846-8802,4.8,https://southfieldsvision.com/,
1053,Optometry Clinic,Sunshine Modern Eye Care,+1 905-451-3937,4.8,https://sunshineeyecare.ca/,info@sunshineeyecare.ca
1054,Optometry Clinic,Specs Express - Optometrist & Optician,+1 905-840-1333,4.3,https://www.specsexpress.ca/,
1055,Pharmacy,Wanless Compounding Pharmacy,+1 905-846-9200,4.5,https://wanlesspharmacy.ca/,Emailwanlesscompoundingpharmacy@gmail.com; Emailwanlesscompoundingpharmacy@gmail.com
1056,Pharmacy,Guardian BRINKLEY PHARMACY,+1 905-495-5050,4.5,https://www.guardian-ida-remedysrx.ca/en/ontario/brampton/brinkley-pharmacy-7029950?utm_source=google&utm_medium=maps&utm_campaign=local_presence,
1058,Pharmacy,Pharmasave Potters Wheel Pharmacy,+1 905-846-9666,4.4,https://pharmasave.com/brampton-potters-wheel,atulbadiani@hotmail.com; crystalbeachpharmacy@gmail.com; madawaskadrugs@gmail.com; pharmasave9407@gmail.com; portagepharmasave@gmail.com; ps406@email.ca
1059,Pharmacy,Pharmasave Rememberance Pharmacy,+1 905-843-3232,4.9,https://pharmasave.com/store/pharmasave-rememberance-tbd/,atulbadiani@hotmail.com; crystalbeachpharmacy@gmail.com; madawaskadrugs@gmail.com; pharmasave9407@gmail.com; portagepharmasave@gmail.com; ps406@email.ca
1060,Pharmacy,Guardian Upper Mount GDN Pharmacy,+1 905-495-2002,4.7,https://www.guardian-ida-remedysrx.ca/en/ontario/brampton/upper-mount-gdn-pharmacy-7058511?utm_source=google&utm_medium=maps&utm_campaign=local_presence,
1061,Pharmacy,Ved Lifecare Pharmacy IDA,+1 905-843-3331,5,https://www.guardian-ida-remedysrx.ca/en/ontario/brampton/ved-lifecare-pharmacy-7061677,
1064,Pharmacy,Creditview I.D.A. Pharmacy,+1 905-495-4500,4.6,https://creditviewpharmacy.ca/,creditviewida@gmail.com
1065,Chiropractic Clinic,Cambridge Sport & Spine,+1 647-883-1342,4.2,http://cambridgesportandspine.com/,webmaster@cambridgesportandspine.com; webmaster@cambridgesportandspine.com
1066,Funeral Home,Jones Funeral Home,+1 905-877-3631,4.2,https://jonesfuneralhome.co/,info@jonesfuneralhome.co
1067,Auto Dealership,First Line Motors,+1 647-997-6570,4.9,http://firstlinemotors.ca/,firstlinecars@hotmail.com; firstlinemotors@outlook.com
1068,Private School / Tutoring,Learna Brampton West,+1 905-452-1556,4.9,http://www.learnabrampton.com/,bramptonlearna@gmail.com; info@learnabrampton.com
1069,Private School / Tutoring,Megamind Learning Centre - Caledon,+1 905-996-6463,4.6,https://megamindlearning.com/caledon-kennedy-campus.html,
